Index,User Id,First Name,Last Name,Sex,Email,Job Title,sales,quantity
1,8717bbf45cCDbEe,Shelia,Mahoney,Male,pwarner@example.org,Probation officer,6290,242
2,3d5AD30A4cD38ed,Jo,Rivers,Female,fergusonkatherine@example.net,Dancer,9582,307
3,810Ce0F276Badec,Sheryl,Lowery,Female,fhoward@example.org,Copy,7462,360
4,BF2a889C00f0cE1,Whitney,Hooper,Male,zjohnston@example.com,Counselling psychologist,2885,131
5,9afFEafAe1CBBB9,Lindsey,Rice,Female,elin@example.net,Biomedical engineer,5097,85
6,aF75e6dDEBC5b66,Sherry,Caldwell,Male,kaitlin13@example.net,Higher education lecturer,8538,360
7,efeb05c7Cc94EA3,Ernest,Hoffman,Male,jeffharvey@example.com,Health visitor,3458,208
8,fb1BF3FED57E9d7,Doris,Andersen,Male,alicia33@example.org,Air broker,3815,481
9,421fAB9a3b98F30,Cheryl,Mays,Male,jake50@example.com,"Designer, multimedia",5298,215
10,4A42Fe10dB717CB,Harry,Mitchell,Male,lanechristina@example.net,Insurance account manager,5735,178
11,44FAA9C3CE8DB2B,Casey,Ayala,Male,ncantu@example.com,"Scientist, water quality",8571,430
12,86cCc6417942b4B,Sara,Huff,Male,kristy41@example.net,Metallurgist,3974,124
13,CDA21B6e83Cafe3,Eddie,Barnes,Female,brandy23@example.com,Dramatherapist,2475,420
14,1CC30c5F204332e,Ralph,Lowe,Female,dleon@example.org,"Presenter, broadcasting",7758,347
15,b4bE3BfBfeBC29e,Priscilla,Davis,Male,latasha46@example.org,"Nurse, mental health",7564,444
16,bFCFDdE5491caE8,Carly,Abbott,Female,stricklandomar@example.org,Therapeutic radiographer,3198,149
17,cEfCEAB1306DbCb,Nicolas,Mckinney,Male,twilkinson@example.com,Land,4438,193
18,aCefF56E59aAf75,Natasha,Macias,Female,dorothymeza@example.com,Recruitment consultant,8283,197
19,CF091D6b9Dd4F9c,Courtney,Jenkins,Female,estesana@example.org,Accounting technician,4360,447
20,462EF46dcaab6EC,Perry,Mcmahon,Female,allison66@example.net,"Education officer, museum",3954,444
21,7B247Ca7BbA098d,Emily,Travis,Male,jordankelley@example.com,Tax inspector,7845,9
22,dCdadA2bCcFFEAE,Meghan,Hawkins,Male,ehatfield@example.com,"Engineer, land",2848,42
23,d62fFce33bbccAC,Ernest,Oconnell,Male,lanedarius@example.com,Printmaker,2698,192
24,3Cb9Fe3aB463dba,Norman,Walton,Female,samanthasummers@example.org,Personnel officer,6374,320
25,be6BBa9EBFeBFcc,Roger,Sweeney,Female,leblancjohnathan@example.org,Race relations officer,8191,259
26,a902eE5EABd77DE,Ethan,Wu,Male,jay82@example.net,Microbiologist,5133,466
27,EEA3bcfe1c7aEAf,Catherine,Myers,Male,sara05@example.org,Industrial buyer,3807,394
28,2Ab20Ed8CfE2D71,Catherine,Nash,Female,nelsonlori@example.org,"Production assistant, radio",6478,122
29,EC9BCcb3ccEAdE9,Corey,Delgado,Male,phillip27@example.net,Agricultural consultant,9668,221
30,d6203591c7BEB4F,Hunter,Hahn,Female,jimsellers@example.com,Chief Financial Officer,6638,259
31,f67cb59Eea96a23,Dakota,Gomez,Male,jadecollier@example.com,Insurance broker,8445,497
32,94c6aF7DEe2Ad7A,Nathaniel,Clarke,Female,george75@example.org,Information systems manager,9385,309
33,b1DC89E2d73F0b4,Marco,Reyes,Male,ramosjonathon@example.org,"Psychologist, sport and exercise",3844,299
34,FECAedB175FD9f4,Todd,Weber,Male,hessrachel@example.com,Ergonomist,6159,493
35,CB41aabFbB8AdDa,Bryan,Vaughn,Male,fhughes@example.org,Sports therapist,3784,64
36,BcdffBD402E5A23,Adrienne,Lambert,Male,marilyn91@example.org,Comptroller,5391,203
37,b00f07E8F6Ecf6e,Seth,Hess,Male,ebranch@example.net,Claims inspector/assessor,2981,415
38,8b8Aab259B2a00D,Stefanie,Sherman,Male,rickeykelley@example.com,Hospital doctor,8868,253
39,D060A3eacFBFAEE,Kent,Velez,Male,hammonddestiny@example.org,"Investment banker, corporate",7152,40
40,DFAB00C01CcF860,Angela,Huff,Male,anitamckenzie@example.net,"Pilot, airline",1444,203
41,aDB35cb99a88358,Harry,Moore,Female,debbieturner@example.net,Insurance underwriter,5954,100
42,0269CdeD7B3C8B0,Kristopher,Barnes,Male,frederick54@example.org,"Engineer, mining",5100,317
43,ddd2B9CcEBEe00E,Rachael,Herrera,Male,msummers@example.net,Armed forces technical officer,9668,324
44,355e6511Fa0ff55,Vincent,Berger,Female,shannonrandy@example.org,"Psychologist, educational",2016,66
45,F2f91586dA8f7f5,Don,Bolton,Male,kkey@example.net,Housing manager/officer,9899,480
46,99A502C175C4EBd,Olivia,Duke,Female,diana26@example.net,Dentist,6911,217
47,eEF6Cf6C10b1446,Erik,Rosales,Female,alejandro41@example.net,Prison officer,5111,55
48,3eD5c0dDBD0a7DC,Judith,Wall,Female,marvinmolina@example.org,Restaurant manager,3471,201
49,EbD7AF6EDF4831e,Chloe,Ramirez,Female,tblack@example.net,"Psychotherapist, dance movement",2196,35
50,afF3018e9cdd1dA,George,Mercer,Female,douglascontreras@example.net,Human resources officer,3018,82
51,CccE5DAb6E288e5,Jo,Zavala,Male,pamela64@example.net,"Nurse, adult",7166,140
52,DfBDc3621D4bcec,Joshua,Carey,Female,dianashepherd@example.net,Seismic interpreter,1193,55
53,f55b0A249f5E44D,Rickey,Hobbs,Female,ingramtiffany@example.org,Barrister,4479,146
54,Ed71DcfaBFd0beE,Robyn,Reilly,Male,carriecrawford@example.org,"Engineer, structural",4346,175
55,FDaFD0c3f5387EC,Christina,Conrad,Male,fuentesclaudia@example.net,"Producer, radio",7440,439
56,998C3Fda97EfAff,Shelby,Cole,Male,kaneaudrey@example.org,"Therapist, nutritional",2606,458
57,D7040faD2d368d8,Steve,Donovan,Male,rebekahsantos@example.net,Paediatric nurse,4671,242
58,3CEf7FDfACa48b7,Gina,Little,Female,craig28@example.com,Production engineer,6855,114
59,239dbABfd1d1B1e,Connie,Dawson,Female,connercourtney@example.net,"Accountant, chartered certified",8092,106
60,4e03dA0BCAc82e3,Aaron,Page,Male,harrygallagher@example.com,Administrator,9790,353
61,B2F0bdF85bfc7cA,Lance,Bradshaw,Male,pennymeyer@example.org,Data scientist,9597,135
62,E923A19a2De032b,Mary,Daniels,Male,glencherry@example.org,Occupational hygienist,7878,107
63,11Ae1fbab4076b2,Yesenia,Harding,Male,robertablackburn@example.com,"Nurse, mental health",4578,380
64,14890EC026d5d43,Shane,Reyes,Female,jacquelinephelps@example.org,Art therapist,9865,11
65,2eC6783b36315eF,Norma,Olson,Female,nealtristan@example.org,Academic librarian,1052,162
66,bd79EF2c2a3bad3,Melinda,Haas,Male,wernermatthew@example.org,Musician,702,123
67,D5BDdFA8A0baa18,Darrell,Fuller,Male,shannonmahoney@example.org,"Engineer, petroleum",1738,221
68,9de346CD67Bea2f,Priscilla,Valenzuela,Male,jsantos@example.net,"Journalist, newspaper",4812,199
69,d2adC15ceDc8Adf,Karla,Steele,Female,gwendolyn67@example.org,Surgeon,2587,62
70,D88FB59Ed3efac7,Alexandria,Mcguire,Female,zalvarado@example.org,Building surveyor,833,260
71,EBFf87b4dbdcFbD,Joanna,Doyle,Male,barbaralowe@example.com,"Engineer, structural",3676,499
72,32fbdA8e70AeB2d,Lydia,Neal,Female,jeffrey19@example.org,Veterinary surgeon,7936,160
73,DbFcEF27decA754,Darryl,Meyer,Male,robynwoodard@example.org,Orthoptist,115,117
74,6c89bB8bB7DeADB,Alice,Harding,Male,hickmanapril@example.org,"Administrator, arts",731,335
75,0Fe59D998cacdd5,Seth,Pratt,Male,lawsonsheri@example.org,Accounting technician,8359,477
76,f93C8B8c2FfB46e,Amy,Payne,Male,gibsonjames@example.com,Museum/gallery curator,3507,78
77,c380Ce9B006eD2D,Vickie,Mccoy,Male,costacameron@example.net,Neurosurgeon,2751,109
78,aCBb2be896F7EFE,Hector,Sparks,Female,kendra27@example.com,"Designer, fashion/clothing",7258,322
79,6C2EA6b5e2eda3C,Colin,Conley,Female,glenn29@example.net,Surgeon,4358,133
80,2B55d6d7B39C4D8,Joshua,Grant,Male,ndodson@example.org,Therapeutic radiographer,3898,66
81,f6ac8CfF7ac94cc,Yesenia,Key,Male,hreid@example.net,Local government officer,5249,74
82,fEE61DcbEb41633,Meghan,Humphrey,Female,parrishbenjamin@example.net,"Research officer, trade union",6307,303
83,8Bac76db335CcCf,Eddie,Daniels,Male,woodsjerry@example.org,Armed forces technical officer,344,4
84,2BAFB7b410ebE3f,Joyce,Abbott,Female,dporter@example.net,Recruitment consultant,1498,186
85,C76ae7aAFcbB2cA,Isaiah,Olson,Female,franciscoshah@example.net,Chief Financial Officer,9610,133
86,9f887e71eee4b58,Curtis,Haney,Male,ofletcher@example.com,Health and safety adviser,3098,371
87,cdDbF70fBdfdCaD,Devon,Henry,Female,brandy99@example.net,"Civil engineer, contracting",6394,418
88,EAE9F073c808ccc,Jordan,Long,Male,scottspence@example.com,Publishing rights manager,2025,7
89,daBacFb2F431Dfb,Tom,Mccarty,Female,thomasjefferson@example.com,Paediatric nurse,927,155
90,1187FDb1d7C98B0,Bethany,Davila,Female,ashley45@example.net,"Surveyor, commercial/residential",646,252
91,690145e7Daff789,Ariel,Blankenship,Female,baileyblake@example.net,Actuary,1911,2
92,87bf311C37DC95E,Jaclyn,Mclean,Male,zavalamackenzie@example.com,Human resources officer,6166,386
93,CDF04Db0f9AbD34,Stephanie,Donovan,Male,mandyvillarreal@example.com,Medical sales representative,9414,102
94,fe3E1A26dc62DA6,Carly,Brooks,Female,fmelendez@example.org,Production engineer,6450,392
95,cEb6af0Da7E6707,Dominique,Stevenson,Male,bennettmisty@example.org,Art gallery manager,5101,316
96,3c3e7EB7afBFb5d,Doris,Holmes,Female,nguyentonya@example.net,"Engineer, materials",3047,386
97,DFAbEADF85F6245,Joe,Acevedo,Male,lori87@example.net,Immigration officer,4014,406
98,e5d840eE5BB6e03,Tony,Melendez,Male,riveralaura@example.net,Environmental health practitioner,7556,429
99,DdB70783c1181Ad,Lydia,Vargas,Male,carly49@example.com,"Accountant, chartered",6984,80
100,7f83AADE353F5ad,Matthew,Yoder,Female,druiz@example.org,Insurance account manager,9509,471
101,631e880aee8B16B,Laura,Bishop,Male,stoutjennifer@example.org,Legal executive,5777,265
102,cB5e9a6b2dcCa90,Vernon,Terry,Male,haysmario@example.net,"Nurse, adult",2528,136
103,bA3e5C6ADeBF8E1,Roberta,Hodge,Male,kfoley@example.com,Translator,9878,421
104,98B4EeDf0aF2d88,Janet,Heath,Female,nramos@example.org,Fitness centre manager,6617,153
105,bcf0DEa3a7585Fd,Taylor,Paul,Male,hector24@example.net,Games developer,2358,7
106,AB5a29077eDc170,Ariana,Potter,Male,malonenina@example.org,"Surveyor, building control",5232,164
107,24e1fa8cf0c7BD5,Dave,Myers,Female,beanfrederick@example.com,"Therapist, nutritional",4094,236
108,49F56fAC4632C31,Beth,Harrington,Male,simmonsbrenda@example.net,Field seismologist,3637,406
109,69d6EEBb6B1D58b,Diamond,Spence,Male,hrogers@example.org,Dance movement psychotherapist,6191,387
110,620D4D12cbE3c3F,Timothy,Weeks,Male,smiranda@example.net,"Engineer, technical sales",7804,327
111,aA6A5Db8E06C3b1,Victor,Castro,Female,barbara05@example.com,Audiological scientist,2338,21
112,120b4B8Ab9f96C0,Samantha,Harris,Male,wthompson@example.com,Commercial art gallery manager,9371,451
113,Ebd38C6201E6bea,Priscilla,Bean,Male,galvanamanda@example.net,Retail buyer,4499,359
114,AcBD2EfE48eEa4F,Erica,Atkins,Female,bradycain@example.org,"Psychologist, clinical",9670,294
115,D4d937A95711EcE,Tonya,Blankenship,Female,summer68@example.org,Insurance underwriter,4375,65
116,f9dd0F20DDC20a9,Diane,Small,Female,cuevasyesenia@example.com,Waste management officer,1685,403
117,BC1Df0060C2cfDc,Karl,Floyd,Male,franklincarroll@example.org,Metallurgist,5265,250
118,625CCE85FfAA2E6,Dana,Higgins,Female,pnielsen@example.org,Garment/textile technologist,8154,55
119,736A87324dd4E3b,Neil,Sawyer,Male,angiecosta@example.com,Geophysical data processor,8209,378
120,4aE4ecaBd55f3C6,Julia,Acosta,Male,saradoyle@example.net,Nutritional therapist,1698,316
121,A33b2e2A7509599,Brandy,Carpenter,Male,jcraig@example.com,Clinical biochemist,6692,209
122,97f2a3845Ac6aF7,Darren,Manning,Female,ocurtis@example.org,"Runner, broadcasting/film/video",6928,102
123,363BC822BADd5f7,Roger,Beasley,Male,oochoa@example.com,Armed forces logistics/support/administrative officer,6647,470
124,201FF92c4c85ef7,Albert,Tyler,Male,careyteresa@example.com,"Surveyor, hydrographic",8605,121
125,18bc6EeCCE1f1C2,Tracie,Mooney,Female,nicolas31@example.com,"Engineer, structural",1723,378
126,1Bb45198c473530,Tim,Ponce,Female,sblair@example.net,Museum/gallery conservator,5317,323
127,b17FbED51F5E6dc,Margaret,Carr,Male,kara78@example.com,Television camera operator,8476,13
128,a2A4fd285DAD2b4,Autumn,Davis,Female,sierrabrock@example.com,Hydrographic surveyor,8924,402
129,eAdCa2bd47Bbd5e,Christina,Hendrix,Female,cchandler@example.org,IT sales professional,4161,300
130,6b03e33eEddCFC7,Andrew,Holden,Male,yolanda80@example.com,Fitness centre manager,2563,256
131,aE16A3c90AC05dB,April,Hebert,Male,tammie24@example.org,Clinical research associate,4077,251
132,8CA86e8FcACeE4D,Peter,Long,Male,terrance42@example.com,Artist,3564,31
133,99d1Fb3608ACF2A,Christina,Carter,Female,joannacastaneda@example.com,"Engineer, agricultural",4677,499
134,4eB6A9cb84BF51B,David,Faulkner,Female,costaariel@example.com,Museum/gallery exhibitions officer,250,435
135,B43EAF7bc56967C,Willie,Arellano,Female,owensmeghan@example.com,Interior and spatial designer,9921,322
136,6e07e8F150DeB82,Traci,Sosa,Male,mckinneyelijah@example.org,Financial adviser,5126,491
137,f781EbEb7FDBE35,Alexandria,Burgess,Male,franklinnoah@example.com,Glass blower/designer,6367,293
138,B9506A7DdC58b34,Manuel,Castro,Male,michellefranco@example.org,Herbalist,2026,31
139,be4B0DFd06FFF1D,Nathan,Glenn,Male,bentontroy@example.com,Stage manager,6329,28
140,7d3402dB0D0d2ae,Hailey,Aguirre,Male,ygregory@example.net,"Engineer, manufacturing",4429,381
141,9BEeD41BDC4ca32,Arthur,Lyons,Female,gmckee@example.org,"Development worker, community",3614,493
142,B81eeD3F7e13A2e,Alexa,Washington,Female,garrettgordon@example.net,"Loss adjuster, chartered",1853,454
143,cF20CcFDD4E8733,Jorge,Wells,Female,pattersonlatoya@example.net,Research scientist (life sciences),4457,78
144,0c7fc0bFd703d8e,Oscar,Camacho,Female,albertstanton@example.net,Fashion designer,6993,198
145,99fa0bC5cC11b1f,Derrick,Cook,Male,javierfrench@example.org,Product/process development scientist,1680,183
146,979A626e5F115f2,Teresa,Page,Male,lnash@example.org,Chiropodist,1554,378
147,009E1accabB9Af6,Randy,Tanner,Female,shellycain@example.org,"Civil engineer, consulting",5561,36
148,a9E3b490AE3B346,Joann,Fuller,Male,pstone@example.net,Chief Executive Officer,3174,425
149,Ab0bbcE993E23c7,Christopher,Braun,Female,graytami@example.org,"Engineer, petroleum",8140,463
150,5627680A2Ca214B,Malik,Summers,Male,lynn40@example.org,Health promotion specialist,9990,181
151,94bE4E2109cF33b,Kristi,Sims,Female,starkbrandon@example.org,"Surveyor, building",3063,368
152,3412AaD2be50E07,Mariah,Huang,Female,timothycastro@example.org,Research scientist (life sciences),6472,253
153,5AB091FFDe887eC,Monique,Mahoney,Female,vholmes@example.com,Waste management officer,7722,345
154,d7A706Fd9AdB27E,Stacie,Cardenas,Female,alejandro24@example.org,Writer,3176,131
155,4fdeB8D3F477aFB,Shannon,Cochran,Female,qcarter@example.net,Archaeologist,6142,348
156,d5bbEF5AC75B9a5,Peggy,Odom,Male,leah97@example.com,"Teacher, music",8667,234
157,49Dcb786C01C5ca,Anthony,Briggs,Female,marciamullins@example.org,"Biochemist, clinical",1573,170
158,2bA19f60a800b19,Perry,Levine,Male,kirsten46@example.org,Tree surgeon,8529,89
159,aDCb1F0eA108aa7,Denise,Hahn,Male,alexagraves@example.com,Architectural technologist,7164,438
160,b956E2a9DE3898C,Thomas,Bruce,Female,curtisfrancisco@example.net,Product designer,766,218
161,dB2D7274Daf7edD,Robyn,Paul,Male,seanmcguire@example.org,Commercial/residential surveyor,1480,4
162,f52181F2B4c2e9A,Miguel,Leblanc,Female,whitney63@example.org,General practice doctor,5769,130
163,5968b1AD19823B9,Laura,Rice,Male,tharmon@example.net,Social worker,5750,94
164,dbcde3f68Bfaf7E,Madeline,Leach,Male,xcaldwell@example.com,Camera operator,8040,475
165,925E52c1F2F239E,Christopher,Nixon,Male,blackwellpaige@example.com,Food technologist,9675,167
166,9ca2f3A7a60ea88,Mackenzie,Cantrell,Male,deniseromero@example.net,"Engineer, agricultural",5605,450
167,aB2Ef1d3f6d6e6E,Phyllis,Sanchez,Male,ramseymaria@example.com,Translator,2300,133
168,37AdbaEbBA8e317,Jesus,Sosa,Female,jflores@example.com,Careers information officer,728,160
169,beC1BB41df95f2D,Maurice,Hodge,Female,micheal55@example.org,Garment/textile technologist,2009,206
170,E1844addD8eEe76,Brittney,Stafford,Male,avilasarah@example.net,"Designer, textile",3081,42
171,1AD35A22F0BA772,Dalton,Butler,Female,tonystuart@example.org,Claims inspector/assessor,8560,40
172,382eD6ac4a352cE,Russell,Zamora,Female,isaac99@example.org,"Research officer, trade union",1095,341
173,bFB42223CDD342F,Alex,Stewart,Male,rcosta@example.net,Production engineer,9151,398
174,C8C2ebF103A8E69,Jenny,Nash,Female,mhall@example.org,Graphic designer,8050,175
175,bddDa7FF9dE3b91,Daryl,Koch,Female,ehicks@example.net,Private music teacher,5885,222
176,7eFA59d05df2cA9,Jake,Tate,Male,jorge12@example.com,Primary school teacher,6023,380
177,C1e7272dFDFF2C4,Luke,Fletcher,Female,ravensimmons@example.net,"Engineer, control and instrumentation",3553,224
178,85E1F35FAaDA1Bb,Earl,Yates,Male,malik60@example.com,Dietitian,7941,3
179,bCb195daBc7263e,Brittany,James,Male,sanfordmalik@example.net,Purchasing manager,6995,366
180,2C96bcB1cD0f6ba,Wanda,Alvarado,Female,carolyn22@example.net,"Therapist, music",4462,339
181,16361CBC0DAFa00,Mckenzie,Beltran,Male,tgiles@example.com,"Engineer, electrical",2032,488
182,8EB4C4fd0C44bFa,Ernest,Camacho,Female,jennaconway@example.net,Quantity surveyor,6501,179
183,7Aa938827F1e018,Haley,Hays,Female,iortega@example.org,Secretary/administrator,4733,415
184,Befc7139d7eD662,Dalton,Chaney,Female,pacevirginia@example.com,"Social research officer, government",2021,184
185,4E641fd49f55bcD,Drew,Sanchez,Male,hartelaine@example.org,Early years teacher,7300,46
186,108773b6Ba4Dbdb,Bradley,Copeland,Female,waltonleonard@example.net,"Engineer, aeronautical",3382,75
187,6eBdCDac47F3428,Alan,Randall,Male,bernardamanda@example.com,"Teacher, special educational needs",4471,468
188,fA0eA5B7e62c9Df,Angelica,Hull,Male,dpennington@example.com,Visual merchandiser,1853,154
189,eEFc74EBC49e6BB,Daryl,Newman,Female,imccann@example.org,Copy,2078,310
190,554A9ecCaFa62ee,Tristan,Morton,Female,terrance57@example.com,Advertising art director,2084,113
191,CdCDB0F97fF999f,Tami,Compton,Male,wmacdonald@example.org,"Nurse, mental health",1049,474
192,26A154Aa4318fFd,Grant,Esparza,Female,levinebianca@example.net,Historic buildings inspector/conservation officer,9205,384
193,8f3015cAb55F348,Sherri,Williams,Male,smithjasmine@example.com,"Engineer, broadcasting (operations)",4718,436
194,037eF750C5fb7B6,Barbara,Bowers,Male,david92@example.org,Risk analyst,4470,73
195,346FcF07FB14CcD,Sherry,Maldonado,Male,cassidy66@example.org,Retail manager,4655,366
196,1aa37dC5b2eB175,Francisco,Flowers,Female,zachary83@example.net,"Librarian, academic",736,225
197,DeF3DE4a6ABb2D2,Janice,Daugherty,Female,ireese@example.net,Fast food restaurant manager,9084,409
198,C88B0CFc36D6fF4,Melody,Clements,Male,christiandarryl@example.org,Public house manager,8511,98
199,75Afa67CffE0Dd9,Evan,Howe,Male,huffwyatt@example.com,Accommodation manager,3951,342
200,448dAD1F6dCc9de,Terrance,Rowe,Male,schroederduane@example.org,Medical secretary,8655,200
201,dEEb9bDB65Ed4fB,Stephanie,Nunez,Female,kaitlynwoodward@example.com,"Engineer, automotive",8995,86
202,bA09B6Bc6fBc65B,Jimmy,Wiggins,Male,randallcarol@example.net,Landscape architect,5914,292
203,c23aDdb939f4D7F,Sonia,Parks,Female,betty58@example.com,Manufacturing systems engineer,7210,376
204,81Ff5cfd97ACBd4,Curtis,Zamora,Male,isaiah96@example.org,"Engineer, manufacturing",4364,155
205,eA7df1fcFa5aacC,Tracie,Baker,Female,zblair@example.org,"Merchandiser, retail",8795,398
206,131570D70d0ff65,Eugene,Richmond,Female,xmontgomery@example.com,"Teacher, special educational needs",8051,190
207,aBE87b98c2A20c0,Lonnie,Bernard,Female,tkoch@example.org,Professor Emeritus,453,206
208,2F704AacCEbAb2b,Alan,Shaffer,Male,fitzpatrickwhitney@example.net,Adult nurse,5902,327
209,674bbaD7A5D26B9,Grace,Mckenzie,Male,lawsonroger@example.org,Fast food restaurant manager,4776,236
210,1bA6EDeebf7E163,Logan,Obrien,Female,theresa29@example.com,"Engineer, communications",201,464
211,DF17975CC0a0373,Katrina,Duke,Female,robin78@example.com,"Producer, radio",7255,244
212,fcFdD7dA96c1C7d,Katherine,Bolton,Male,tsullivan@example.org,"Engineer, automotive",2111,184
213,A7aBc39Ee9dC1bd,Perry,Rollins,Male,hebertmike@example.org,Chief Marketing Officer,8890,79
214,AbcE3CcC947cbBD,Makayla,York,Female,xolson@example.net,"Librarian, academic",2718,449
215,4C5Db5BFDBF60eb,Jo,Olsen,Female,kbraun@example.org,Amenity horticulturist,5728,110
216,E03EbCFDDcE1f1f,Christian,Mosley,Male,anthonyalexa@example.net,Production manager,522,57
217,aBa137daedc833c,Nancy,Arias,Male,melody43@example.net,Multimedia programmer,242,451
218,4B4D0AD9abE41f0,Cheryl,Friedman,Female,mdavies@example.net,Illustrator,4643,188
219,Efa5aa3e87ed1D7,Helen,Maynard,Male,bthornton@example.com,Research scientist (medical),9395,53
220,0cC97Ab1eAF4ABe,Jennifer,Kane,Female,mallorycantu@example.net,Insurance claims handler,9528,155
221,29cb6ecF75451Cc,Danielle,Howard,Female,rodney01@example.net,Set designer,7772,96
222,4D01fd1AA71fdcF,Candice,Estes,Male,cliffordbrowning@example.net,"Designer, fashion/clothing",1397,387
223,0aB79DDdEDdAe0b,Renee,Alvarado,Female,louis68@example.org,Accommodation manager,2477,413
224,53147bb2CD4bc1c,Annette,Santos,Female,jadethompson@example.com,Social worker,8808,410
225,05c44eB3fF9BE99,Kerry,Newman,Male,randall55@example.com,Health physicist,4597,285
226,90511Ae50ED8e2c,Lindsey,Kline,Male,megansimpson@example.net,Emergency planning/management officer,8737,334
227,11e509B23bA84f8,Dominic,Buchanan,Male,angelica52@example.org,Logistics and distribution manager,3542,422
228,9a8B1B4f4eEAb57,Gordon,Hess,Male,yvonne71@example.org,Lobbyist,4444,213
229,fF56f2b4BAe239f,Bruce,Pineda,Male,ericksonbob@example.org,Horticultural therapist,5960,247
230,C4a0d68C1B2427c,Maxwell,Vega,Female,emoyer@example.org,Speech and language therapist,5133,390
231,FC8fa29F2D57eCe,Geoffrey,Lawrence,Female,mcross@example.net,"Pharmacist, hospital",9713,146
232,003faaEB83B8A0B,Charlene,Schwartz,Male,jonathoncarroll@example.net,Dispensing optician,6232,147
233,c905D9b34C5456C,Anita,Burnett,Male,chelseamendoza@example.com,Neurosurgeon,1708,139
234,78e17EBCd8dDbc6,Leslie,Patel,Male,copelandshaun@example.net,"Civil engineer, contracting",8744,456
235,66301e7bCfdB2f2,Pamela,Hayden,Female,hherring@example.com,"Editor, commissioning",3660,105
236,A5bBa8B5737bF18,Deanna,Ford,Male,josephkimberly@example.com,Geophysicist/field seismologist,1933,371
237,Ef3e6746Bb32d4F,Bonnie,Hammond,Male,herbertreynolds@example.org,"Nurse, adult",5693,139
238,F663ee880a9eCBa,Debra,Byrd,Male,carolmelton@example.net,Tour manager,8042,458
239,CA4e2d7d6f7d6fB,Sharon,Torres,Male,gary51@example.org,Oceanographer,3278,432
240,F52d1EFf9Aeca7f,Olivia,Austin,Male,ogood@example.net,"Geneticist, molecular",8115,187
241,ebceFfe3e95DA36,Jean,Harmon,Female,tstafford@example.com,Geophysicist/field seismologist,7483,255
242,a88B0C0F3c98028,Bridget,Griffith,Male,jeremyosborne@example.com,Historic buildings inspector/conservation officer,2178,433
243,C7BC4419E1B81Ef,Curtis,Flores,Female,hunter00@example.com,Clothing/textile technologist,9167,73
244,7ff3afDbFb3f698,Bridget,Ryan,Male,jocelyn96@example.org,Local government officer,4000,253
245,Fd6F8D9e986Cc3D,Mitchell,Boyd,Female,franciscoaguilar@example.com,Tourist information centre manager,2499,253
246,BF7ad5D75edfdB5,Peter,Bruce,Female,max86@example.org,Production engineer,7762,103
247,aCdE9f39c476fcB,Jonathon,Huynh,Male,logan73@example.com,"Research officer, political party",6320,262
248,cCA7ae678b6fb9F,Connie,Myers,Male,dwayne93@example.org,Television/film/video producer,5561,409
249,94935E4B01ef83b,Stacie,Barnett,Female,latasha47@example.com,Politician's assistant,8124,412
250,0ae5987cCC3EbcB,Jacqueline,Harper,Male,henry51@example.net,Insurance underwriter,1740,418
251,821BBcC7EA6B83b,Kara,Bruce,Female,marcowen@example.org,Chemical engineer,6639,410
252,34F6f315c51B749,Caroline,Lindsey,Male,hesscole@example.net,Insurance broker,5863,94
253,a6BfA20EDDd4317,Meagan,Salazar,Male,mmeadows@example.com,Music therapist,5999,392
254,C07BC44eFA20A96,Jamie,Logan,Female,diane97@example.org,Ranger/warden,9169,97
255,BF6f9c6fDb18DBF,Nicholas,Glenn,Female,snowedwin@example.net,Civil Service administrator,3156,333
256,f074a08cD7BdBc4,Shane,Donaldson,Male,cordovacaleb@example.org,Materials engineer,5624,193
257,02C553bfcFA32bA,Norman,Zhang,Male,dickersonjoanna@example.net,"Restaurant manager, fast food",481,201
258,d81C0AeE4ba2ACb,Pamela,Hutchinson,Female,marczimmerman@example.org,Stage manager,1086,202
259,cDbDF7B189fcfDb,Yolanda,Stanton,Male,cookeannette@example.net,Banker,5663,469
260,4AfAc0Bf3e2708E,Phillip,Valencia,Male,fliu@example.com,Optometrist,622,242
261,Bcde4A17Aa9D059,Taylor,Benton,Male,alvin05@example.org,Clinical cytogeneticist,1192,334
262,6E90ff6FCE1A1a2,Ebony,Ross,Male,jtran@example.net,"Scientist, forensic",8406,321
263,438EeC867c970aE,Lucas,Hess,Male,weeksdevin@example.org,Medical laboratory scientific officer,6150,396
264,6fcbE57aeEc26a9,Alan,Nixon,Female,gabrielarosario@example.com,Public relations account executive,5941,257
265,48a0F16A7108695,Ernest,Wong,Male,hornmackenzie@example.net,Technical author,5725,179
266,a5cebB3ff1f279E,Kristina,Krueger,Male,fstuart@example.org,Medical laboratory scientific officer,7087,421
267,34C5b3CEc30c481,Shaun,Nixon,Male,gilbertgrant@example.com,Commercial/residential surveyor,1989,210
268,05d4a275BAf55B0,Anthony,Wallace,Male,ritarice@example.com,Water quality scientist,6491,52
269,B93d9dCF40B31A8,William,Ingram,Female,pcurtis@example.com,Health physicist,1787,409
270,69EA746B5eEA97C,Bobby,Day,Female,shawn17@example.org,Computer games developer,4438,430
271,06D45f32D614AAe,Krista,Booker,Male,karina40@example.com,Adult guidance worker,3344,281
272,00d907CDBC1CAb6,Isaiah,Hood,Male,ian42@example.com,"Scientist, audiological",7931,435
273,5aA4DcBDf5EeBd6,Gilbert,Church,Female,bruce35@example.com,Museum/gallery conservator,1044,193
274,4B8f92DEfD6A22C,Dawn,Francis,Female,vharmon@example.org,Civil Service fast streamer,6485,215
275,98b6D6c4Ba5f24E,Melody,Jacobson,Male,andre64@example.org,Licensed conveyancer,1099,393
276,f057cc8de892Dd8,Edgar,Ball,Male,yvalenzuela@example.org,"Engineer, drilling",7996,260
277,D90b96F7f39f00f,Allison,Walls,Male,ithomas@example.org,"Programmer, multimedia",6477,20
278,6761B55Ef8Ac3E9,Clayton,Anderson,Female,doylevictor@example.com,Graphic designer,5374,481
279,510EBCCeF8FABe0,Desiree,Beltran,Female,mcbridehunter@example.com,Photographer,5941,168
280,3aFf54f59dcFD2E,Yvette,Webster,Male,sonya26@example.com,Clothing/textile technologist,377,64
281,f42aB1cd1fc1B59,Albert,Cross,Male,vsoto@example.com,Diplomatic Services operational officer,9790,489
282,cfc55CA94Ad1CD2,Kara,Gamble,Male,paynetamara@example.org,Primary school teacher,1313,60
283,0F7Ccb72cbbCcD2,Yolanda,Miller,Male,pfrye@example.org,Senior tax professional/tax inspector,8148,429
284,0De37f35c9cffBc,Cheryl,Tucker,Female,caseyanita@example.net,Fisheries officer,7683,433
285,41ED141ea9e4E0c,Beverly,Clarke,Female,smolina@example.com,Higher education lecturer,351,113
286,D045Ee0Fc9dd45E,Kerri,Morris,Male,valdezbrooke@example.net,"Conservator, furniture",9282,112
287,B40923EA0F7b9d8,Ralph,Richards,Female,alexa92@example.com,Contractor,1183,444
288,bE0FB0ACceD7cD0,Stefanie,Castillo,Female,holdenanne@example.com,Ship broker,739,193
289,C79601b6BDedB8E,Judith,Huff,Male,hallwhitney@example.org,Academic librarian,1380,330
290,ECFCF3df04cc0cF,Benjamin,Ramsey,Male,hbeltran@example.com,Land/geomatics surveyor,3372,57
291,D269D6cDBEB29b5,Pamela,Dean,Female,randyhogan@example.org,Product manager,5084,285
292,9dCfeDAe04fffE2,Tricia,Chandler,Female,katrinamacias@example.net,Primary school teacher,8028,372
293,c1D6Ddced4Fe3eF,Zachary,Nixon,Female,claudiayoung@example.com,"Scientist, physiological",6289,241
294,DB64F2e35ab51b4,Leon,Guerrero,Male,hbright@example.net,Translator,5213,330
295,A8AEe9dc6D1f3c4,Lacey,Casey,Male,bennettjoseph@example.com,Illustrator,5363,76
296,841E6f046E83F10,Yesenia,Petty,Male,braychad@example.net,Information officer,9387,373
297,a386b9bB31accdc,Phillip,Morales,Male,cshaw@example.net,Tourist information centre manager,2748,26
298,a61eAFC61DFeA8E,Teresa,Powers,Male,brycehernandez@example.org,"Designer, textile",5661,374
299,7CcAbC7CAfC4e39,Stacy,Roach,Female,margaretlane@example.org,"Buyer, retail",4996,187
300,caBE9a5064ceBfB,Gary,Blackwell,Male,royjay@example.org,Facilities manager,5973,211
301,3759DCaa1d909d2,Jasmine,Irwin,Male,schroederjeffrey@example.com,Fashion designer,347,28
302,c4AB82050cEE8f1,Angie,Munoz,Female,karlpotter@example.net,Land/geomatics surveyor,6324,398
303,38ceeCDD313ecDB,Stanley,Beard,Male,dalestephens@example.net,Public relations account executive,9770,370
304,05aaB3e75C576D6,Mary,Donaldson,Female,collinlara@example.net,Psychotherapist,7934,118
305,0b91dFFFc17f5A8,Tristan,Aguirre,Male,kcarroll@example.org,Paramedic,8440,306
306,Ca9E100bcEbbB0e,Jessica,Stokes,Male,millerharry@example.com,Control and instrumentation engineer,1830,421
307,362D0033BCa5D4e,Kerry,Downs,Male,johnsdawn@example.net,"Doctor, general practice",9824,42
308,4dE9EDDe64A5A1C,Megan,Owen,Female,cpeck@example.net,Corporate investment banker,5978,85
309,26bEd99B3626fFB,Steven,Decker,Female,tgibson@example.net,Analytical chemist,8598,57
310,F7307C0fbDafbDA,Dwayne,Vazquez,Male,karlgarcia@example.net,Advertising art director,6489,457
311,B86dFeA3794F47C,Chelsey,Singh,Male,braunstanley@example.org,"Merchandiser, retail",5216,19
312,53a8165b5eFDeBb,Alex,Newton,Female,jerryhenson@example.net,"Surveyor, hydrographic",4617,263
313,eD7A4B7C22dAE96,Bethany,Walsh,Female,hurstadrian@example.org,Arts administrator,3327,471
314,ff2930FDFE1DAd9,Mario,Pennington,Male,peggy95@example.org,Writer,8895,36
315,Fe3234B9A5c73e7,Deborah,Benjamin,Male,eross@example.org,Travel agency manager,9761,165
316,DCc1fd51aecd9dd,Marc,Owens,Female,vernon03@example.com,Newspaper journalist,2640,176
317,F68014D31ddbf8b,Kristin,Love,Female,chasearthur@example.org,"Conservation officer, nature",6738,110
318,EbeBaF711EecFa4,Frederick,Villegas,Female,pamlozano@example.net,"Programme researcher, broadcasting/film/video",3720,295
319,6f09DcBFED2E9bE,Angel,Vance,Male,slarson@example.com,Media buyer,8892,196
320,F794BB8AeBFf32E,Tasha,Stout,Male,russojeremy@example.org,Tax adviser,3869,283
321,0AB25BC3Df4bcaE,Emily,Good,Female,lincindy@example.com,Quantity surveyor,8783,498
322,4Ac773784FBDecA,Warren,Harrington,Male,tyler70@example.org,Biomedical scientist,1470,338
323,9D393CcAafBD1E8,Julian,Camacho,Male,traceyhiggins@example.org,"Engineer, electronics",6458,113
324,42b8FC0DBebFD48,Edward,Powers,Male,jbenjamin@example.com,Radiation protection practitioner,2962,404
325,354aeA1EF24C5d1,Hector,Fritz,Male,shutchinson@example.org,Catering manager,6211,179
326,d06B554F25f3d0E,Brittney,May,Female,ocochran@example.org,Metallurgist,5580,134
327,Fafc20e3bb29b5E,Bethany,Santos,Male,knoxmaxwell@example.org,"Investment banker, corporate",9165,471
328,46B71DAbA80e320,Vicki,Mitchell,Male,deborah98@example.com,"Pilot, airline",379,368
329,51C771FB6a3c75B,Jay,Perkins,Male,monroeclayton@example.net,"Education officer, environmental",3161,427
330,810Cee3Cb9E7740,Candace,Case,Female,michael90@example.org,Operations geologist,5975,42
331,CBff85B9A4A4Aa3,Valerie,Welch,Female,iortiz@example.net,Brewing technologist,2495,65
332,3f4F6D658B8e4B3,Hunter,Blair,Female,vcabrera@example.com,Mental health nurse,5985,215
333,b9b02AbadcD77Ee,Phillip,Barnes,Female,ferrellamanda@example.org,Architect,7481,443
334,A8210B0B55DCA46,Micheal,Booker,Male,traceyrice@example.org,Oceanographer,9799,422
335,dF2fC9cE842641b,Daniel,Morris,Female,gillespiebruce@example.org,"Nurse, mental health",7340,475
336,Ce7fdC4A27F8BfB,Jonathan,Molina,Female,cbryant@example.org,Financial adviser,6667,167
337,99375ddcf9ADB4b,Kirk,Norton,Female,hahnroberto@example.org,Broadcast presenter,5282,108
338,2FEA22FE9FC687D,Kurt,Liu,Male,ross34@example.org,Therapeutic radiographer,8455,455
339,5FBeaAfC67EDA67,Stefanie,Prince,Female,ohorn@example.com,Leisure centre manager,2447,237
340,FFfA65f10a35E4A,Ariana,Hickman,Male,morganwendy@example.net,Podiatrist,7631,43
341,DDB3ac3B6fDd78c,Lydia,Torres,Female,cherylmcmillan@example.org,Therapeutic radiographer,8774,17
342,F662ad8DfeC0095,Jenny,Hurley,Female,balldrew@example.net,Dance movement psychotherapist,3598,80
343,Db68EC1E050bdb2,Ryan,Ward,Female,randall14@example.org,IT sales professional,4341,464
344,3ede74A0eaa6EEc,Aimee,Bridges,Male,jbautista@example.com,"Nurse, children's",761,298
345,Daf8e1af4eEe8F3,Kari,Brewer,Female,michaelgallegos@example.net,"Solicitor, Scotland",1608,243
346,444ecB8f60d8ab7,Vicki,Park,Male,katie93@example.net,Production engineer,1349,231
347,B0D770E2D294aF7,Kerri,Simpson,Male,sparksrodney@example.net,Learning mentor,9875,322
348,7Dd645101CE7dD1,Raven,Moore,Male,klinecody@example.com,Museum/gallery conservator,9088,278
349,dCA2E3af07ed79d,Darryl,Barton,Female,danielskim@example.com,Prison officer,9819,428
350,Acda5EdA0bCA2f9,Leah,Benton,Male,cody23@example.net,Plant breeder/geneticist,3989,439
351,e9ad1A35EEDE512,Bernard,Schroeder,Male,walter74@example.net,Early years teacher,9019,153
352,89adaADBd6c8F56,Robert,Montgomery,Female,anita65@example.com,Media planner,5193,144
353,b1788A50be78Efc,Randall,Collins,Female,pmcmahon@example.com,"Conservator, furniture",9633,346
354,BEFD3f590Bcf07d,Stacie,Archer,Female,paynescott@example.net,Cartographer,2140,470
355,2d6993bBcBBFE58,Eduardo,Rodgers,Female,christyrichards@example.net,"Librarian, academic",8002,143
356,c2A8DC6D0Cd1fB4,Robert,Avila,Male,judithpotts@example.com,Forensic psychologist,2698,459
357,b3dcF7DFecB31A1,Jermaine,Michael,Female,meghan13@example.com,Medical laboratory scientific officer,8560,182
358,cAa967C5E66fc86,Lance,Blankenship,Male,chelsea50@example.com,"Nurse, mental health",5288,263
359,93329AE35DEeCCc,Alvin,Smith,Male,johnathanshields@example.org,Immunologist,221,289
360,7A95b5f60c15e16,Kathryn,Bernard,Female,sarah48@example.com,"Conservation officer, nature",3107,399
361,CBBE3b613E5EA09,Jamie,Jimenez,Female,reevesphilip@example.net,Social worker,9203,19
362,7E8caA1EfbC9865,Francisco,Hutchinson,Female,kayla48@example.net,Paediatric nurse,1685,139
363,8D0FdA9eDDa0dB0,Earl,Jenkins,Male,rcochran@example.com,Microbiologist,8761,14
364,d70fce03dC34Ad2,Heather,Snyder,Female,micheal66@example.net,"Nurse, children's",1773,471
365,dACf9f23D35EDEd,Christine,Matthews,Male,pbean@example.org,Sales executive,2880,88
366,5BB4737f69cBBeD,Kaylee,Dixon,Female,brendanstewart@example.net,"Scientist, research (physical sciences)",8254,412
367,3f5a8fd3CBf4b74,Ariel,Prince,Female,bhardin@example.org,Product/process development scientist,1437,358
368,41C9C171F0e66FD,Emma,Hinton,Female,nichole84@example.org,Education administrator,1034,175
369,3Ed2FEE49BF6ae1,Kara,Esparza,Male,cfrancis@example.com,"Scientist, research (medical)",4215,477
370,2542C79ef0ada2b,Erika,Cruz,Male,cjimenez@example.com,Furniture designer,2883,336
371,A5bA09eaEC487D3,Preston,Erickson,Male,hectorchristensen@example.com,"Research officer, trade union",4419,358
372,a77Eca88d9a36C5,Brittney,Norris,Male,albert29@example.com,Clinical embryologist,6173,448
373,7feEdDc7bd8f38C,Gilbert,Lin,Female,louisgould@example.org,Medical physicist,6708,102
374,9caF0aE6cF8Dd10,Jose,Deleon,Female,francesbeltran@example.com,Investment analyst,8141,277
375,340ABAD5FAaeD3f,Phyllis,Strickland,Male,edgar84@example.com,"Doctor, hospital",3844,201
376,2DA08d1CAd4dceC,Robyn,Ferrell,Male,sblevins@example.com,"Editor, magazine features",7148,394
377,204C8436FE7f0cf,Marie,Taylor,Male,adrian94@example.org,"Lecturer, higher education",2829,433
378,A21b0F9a2a762fe,Cameron,Gray,Male,vicki49@example.org,Animal technologist,6655,146
379,6355f81A0aFfFfD,Calvin,Gilbert,Female,dustinclayton@example.org,Best boy,5587,194
380,d49EcceD0Fe3FfB,Glenn,Graves,Female,jermainewalters@example.net,Visual merchandiser,7823,98
381,8A9d5DF69Eb8c3C,Jeff,Olsen,Female,shepherdallen@example.net,Legal executive,1371,419
382,6c2B7c0DaD5bAD3,Wyatt,Monroe,Male,btaylor@example.com,Records manager,5381,225
383,B216bfCCEEBFe1e,Gina,Leon,Female,joywhite@example.com,"Engineer, manufacturing systems",9594,64
384,ee89d034CeF83EB,Susan,Fritz,Male,shane47@example.org,"Scientist, biomedical",1621,154
385,6455dAf38a33E73,Tommy,Combs,Male,figueroaalice@example.net,Chiropractor,7474,1
386,A64b3f208cf312e,Julian,Sherman,Female,zsantana@example.com,Radio producer,6612,313
387,4829908F4BE90ad,Fernando,Carpenter,Female,justincombs@example.com,Chief Strategy Officer,3282,107
388,Fc86a2288ebfdAd,Leonard,Parsons,Female,christinaconner@example.com,Seismic interpreter,8290,154
389,CccE68e2611CB67,Nina,Giles,Male,mchase@example.com,Legal executive,1125,369
390,7eBDf2F5dE9DC7a,Anne,Fox,Male,egeorge@example.org,Associate Professor,7298,444
391,9C340401d2E861f,Mandy,Green,Male,jesushowell@example.com,Market researcher,8588,88
392,B580643f4Eee7eB,Angel,Stokes,Male,zdavies@example.net,Social worker,568,192
393,d500353D059Efd9,Bryce,Ball,Female,chelsey42@example.net,Financial adviser,8622,174
394,E95cF2ADa9cd5De,Whitney,Vargas,Female,kirkoliver@example.com,Geochemist,9730,151
395,1CB7C4e6d0a7C13,Natalie,Grimes,Male,preston37@example.net,Patent examiner,3498,190
396,AbB6e97949FBebc,Vickie,Velez,Male,danielroberson@example.com,"Teacher, special educational needs",2152,17
397,a816CbCbbd4f233,Grant,Morrison,Female,edward48@example.org,Glass blower/designer,611,202
398,CEC378179933f4F,Bradley,Douglas,Male,ymunoz@example.org,Environmental health practitioner,8727,104
399,00bBcB58a9D114c,Roberto,Yu,Male,barbaragreene@example.org,Logistics and distribution manager,9989,367
400,70D7DdebB9D8f67,Debbie,Lozano,Male,debbie77@example.net,Network engineer,1263,252
401,fE5a7Ff19b2aAEE,Henry,Ellis,Female,houseshari@example.net,Telecommunications researcher,2886,321
402,faFEea3b50D6123,Kyle,Bartlett,Male,priscilla10@example.net,"Psychologist, sport and exercise",4065,490
403,E2F6F8eeC9bED4f,Ricky,Fitzpatrick,Female,renee45@example.com,Applications developer,6654,309
404,f930e7A099bbEBB,Tanya,Spencer,Female,rodom@example.com,Trade union research officer,969,230
405,F7A3A17EA6DCAfA,Francis,Walter,Female,fflores@example.net,"Investment banker, corporate",4600,173
406,629924399F23af0,Lydia,Alexander,Female,christiemacdonald@example.net,Animal technologist,455,472
407,f515A6dDdbCFD4B,Jessica,Chambers,Male,mark07@example.com,Field seismologist,1026,265
408,A6DDea6bB9A5d18,Summer,Escobar,Male,kelseyholden@example.com,Dealer,7598,319
409,7c4Bce1aAB51C6B,Marisa,Vance,Male,qmontgomery@example.net,Fitness centre manager,8356,5
410,6995ED0DBaCC148,Gabrielle,Fritz,Female,gene66@example.com,Clothing/textile technologist,7652,225
411,F6dB61Fb3e6eEc3,Maureen,Barrett,Female,cranerick@example.org,Warden/ranger,6261,222
412,6C23a8C9AcbCb7E,Cody,Arnold,Female,glovermike@example.com,Database administrator,4155,282
413,AAF953ce6519B3a,Holly,Manning,Female,vmckinney@example.net,"Radiographer, therapeutic",2033,406
414,c1711ACe52AFFC8,Samantha,Barr,Female,qromero@example.net,"Programme researcher, broadcasting/film/video",4310,178
415,A4BF8fac1227a2c,Hailey,Pena,Male,castrocalvin@example.net,Clothing/textile technologist,9850,298
416,EcFf0bEbF0B85f4,Phillip,Dalton,Male,louissolomon@example.net,"Programmer, multimedia",1943,375
417,aa2fd18aaf2DE0A,Maria,Downs,Male,christopher66@example.com,"Surveyor, quantity",237,94
418,daa90Ea7F4193BE,Sarah,Ayers,Male,maria81@example.org,Local government officer,2569,399
419,62d4BBecd04c1D6,Gregg,Hurst,Male,edwarddennis@example.org,Furniture designer,401,392
420,5BB3f6d54c50ead,Micheal,Todd,Male,nkane@example.com,Nature conservation officer,8412,445
421,febeBfb4A53B2C1,Gabriel,Heath,Female,megangamble@example.com,Wellsite geologist,3006,269
422,BAe516915432a3c,Joy,Mercer,Male,tricia97@example.org,Barrister's clerk,7507,419
423,E6E641Bbade1683,Karen,Brown,Female,cbenson@example.net,Financial risk analyst,7830,372
424,4FaC35aE11Bb4c3,Molly,Gutierrez,Female,romangwendolyn@example.org,Medical technical officer,2715,393
425,A6DfA24E3924aC6,Scott,Mcmahon,Male,collingillespie@example.com,Clinical psychologist,9036,428
426,17cfdDe5c065ab5,Grace,Bolton,Male,efrey@example.net,Energy engineer,1333,206
427,1595E8EF9338E27,Kerry,Andersen,Male,stronghector@example.org,Trading standards officer,5747,146
428,CAd760C0ddC6EDE,Xavier,Johnston,Male,yparks@example.org,Probation officer,4607,23
429,8d9Ea473ed50Ddc,Dustin,Hudson,Male,fernandezkirsten@example.com,International aid/development worker,332,361
430,7aFaa0f4Cf25e26,Brendan,Gilbert,Female,isaiahlewis@example.com,"Production assistant, television",3703,253
431,A1c6Cacc6fBf2Cc,Cory,Forbes,Male,colonglenn@example.net,Theatre director,531,78
432,23fEF7f7C07FcBc,Carla,Marshall,Male,maxwell65@example.com,Arts development officer,5486,330
433,b7A6ACe14Da2a70,Tracy,Jarvis,Female,slevy@example.org,Associate Professor,7841,262
434,BcB2dE02BdF4483,Anne,Garza,Male,ecraig@example.org,Camera operator,9128,115
435,E646F0FE9dD0fDC,Megan,Mcdonald,Male,clarsen@example.net,Clinical research associate,3655,2
436,aB8f3fddcAE3ebe,Sydney,Trujillo,Male,gail52@example.net,Hotel manager,3058,181
437,E99De3bB84f15fC,Regina,Mclaughlin,Female,daisybailey@example.net,Air broker,312,9
438,9f4FbA2EBBDE350,Randy,Bowen,Male,marie87@example.org,Barista,2379,394
439,184f82e6bb6A227,Darin,Wu,Female,osilva@example.net,"Surveyor, planning and development",9269,120
440,FF0689BbDb8B95E,Tracey,Hurley,Male,christiewilkins@example.net,Health physicist,3891,21
441,ace63bFCc6E8E88,Jocelyn,Hodge,Female,lvazquez@example.com,Sport and exercise psychologist,8963,77
442,7E23C2d0a7A7A1e,Susan,Joseph,Female,carrollpaula@example.org,"Engineer, agricultural",4313,370
443,Ad1c6fE266De0ce,Whitney,Burke,Female,carlrosales@example.com,Media buyer,4310,321
444,10BcFD5ED1Fd7a3,Emma,Caldwell,Male,fryrita@example.org,General practice doctor,1821,16
445,Fa75A5784A3dE2C,Valerie,Koch,Male,nwallace@example.net,Geochemist,6514,245
446,aa01BBDfDbcee59,Kiara,Miranda,Female,alvarezamber@example.net,"Designer, furniture",4356,420
447,1a478d4BdBF68d7,Karla,Shelton,Male,francislowe@example.com,Building control surveyor,7491,331
448,Afe55F5D86CBac0,Marisa,Snyder,Male,bradshawpamela@example.org,Museum/gallery conservator,4190,113
449,433adDe6CcCb1a2,Lynn,Cordova,Female,ernestblake@example.net,Insurance account manager,497,305
450,Daa2c6eE2b751cb,Sydney,Leonard,Male,jason39@example.org,Counselling psychologist,6958,116
451,cDCbb25aa87Af7D,Diane,Patel,Male,marco98@example.org,Media buyer,6486,488
452,2D2AEaaBbc6ebec,Christian,Zuniga,Female,bryantbreanna@example.net,"Librarian, public",1821,411
453,b8EdE8dB06C193A,Clayton,Hale,Female,mitchell97@example.net,Research scientist (maths),3171,341
454,0Ca32994DF228FD,Brandon,Campbell,Male,cortezdarin@example.org,Arts administrator,6009,462
455,04Ab34AF7FDD5e1,Haley,Gay,Male,davilaallen@example.org,"Surveyor, planning and development",9784,374
456,8e0D0df4EDD0Bae,Megan,Roberts,Male,nathaniel50@example.net,Artist,4303,258
457,a9E75C7cdc1aB2f,Kathleen,Lang,Female,awhitaker@example.net,Amenity horticulturist,5115,456
458,dcE1B7DE83c1076,Traci,Duke,Female,perryhoffman@example.org,Herbalist,2193,355
459,9465fFF674Ff030,Bryan,Dawson,Male,tristan32@example.org,Gaffer,1224,428
460,Dc1Ef4D914De5b8,Caitlyn,Wiggins,Female,tschmidt@example.net,Solicitor,7613,500
461,Bb4bE79aeB90465,Mary,Salinas,Female,kirstenkelly@example.net,Animal nutritionist,5923,356
462,4b79C5AcbdD80C3,Cassie,Knapp,Male,lyonssylvia@example.com,Trading standards officer,6838,145
463,1AcD0ccddF0DCf9,Nathaniel,Shaffer,Female,marcusmadden@example.org,Jewellery designer,8970,426
464,751Bf40CDdCeB6D,Marcia,Wilcox,Male,aguilarjenna@example.com,Data processing manager,3398,321
465,c97AD72A41Cca9a,Jose,Webb,Female,hayley94@example.net,"Engineer, technical sales",3031,400
466,5dDDcBeFEDa268f,Drew,Valentine,Female,sandra27@example.com,"Horticulturist, amenity",8257,133
467,4DB3cE8D9B95Bbc,Max,Madden,Male,staceyallison@example.org,Museum education officer,4441,200
468,Bad48fB46B1bdc9,Valerie,Wright,Male,betty69@example.net,Occupational hygienist,7327,287
469,eb2A96D54cAb5c6,Elijah,Barnett,Male,hayley69@example.com,Minerals surveyor,2585,170
470,45241fd9cCfaA29,Jeanne,Mata,Female,fmercado@example.com,Technical brewer,8324,497
471,9cCe4d460980cdA,Sylvia,Cisneros,Female,perezdana@example.net,Phytotherapist,1785,113
472,d6DEBbCEEd1Ce8b,Linda,Patterson,Male,tamiblair@example.org,Actuary,6060,342
473,b8F00FeA81E7E1e,Peggy,Guerrero,Male,joanna72@example.net,"Engineer, agricultural",2969,459
474,4ffEeea05D7b7ab,Tracey,George,Male,dorothyhaas@example.org,"Accountant, chartered public finance",6179,261
475,cA2E09ACc7f4c91,Curtis,Bolton,Female,sherry25@example.com,Astronomer,2191,66
476,24ffE1aefa66372,Candice,Cervantes,Male,fpowell@example.net,Chartered certified accountant,5238,443
477,CC48BFF6057dE79,Rodney,Obrien,Female,hardinross@example.net,Printmaker,2180,357
478,6CF34DCD040F082,Jay,Lawson,Male,yesenia63@example.net,"Surveyor, building control",4264,244
479,d5703EFB0aE200d,Shawn,Hogan,Female,bfreeman@example.net,Administrator,5473,255
480,D03D2428fD4bC6d,Bob,Park,Male,bromero@example.com,Adult guidance worker,530,11
481,2E94Affb5a9dB80,Carmen,Stevenson,Female,perryhubbard@example.org,Occupational psychologist,1200,174
482,915f18a27Bc7A20,Dawn,Hickman,Female,ruth92@example.com,Field trials officer,4924,190
483,F258Cc9fc813BFA,Elaine,Nichols,Male,kelsey75@example.com,Investment analyst,2152,416
484,28eD3aB6E0f464B,Ross,Carrillo,Male,bknapp@example.net,"Teacher, primary school",989,128
485,aD92Df9Efe5950C,Blake,Long,Male,navila@example.net,Radiation protection practitioner,7248,491
486,Dc4B211215cDAdC,Johnny,Phillips,Male,francis02@example.org,Maintenance engineer,7370,333
487,AFC47cfB7e7cc6d,Tanner,Ford,Male,alyssa63@example.com,"Accountant, chartered certified",8848,80
488,a3c4c0fEE9fdee9,Louis,Hayden,Female,wvasquez@example.org,Haematologist,5514,61
489,d82f65d6b732F2D,Lonnie,Meza,Male,cwilkins@example.net,Armed forces logistics/support/administrative officer,9262,380
490,086EcD6FBFe5C85,Kellie,Frye,Male,wesleymcknight@example.com,"Administrator, Civil Service",3465,40
491,6d6C1d45B3B9507,Claudia,Leon,Male,brittney08@example.org,Occupational hygienist,2855,148
492,DBB6059dF096fa8,Evan,Logan,Female,shermanlacey@example.net,"Engineer, civil (contracting)",5708,303
493,0BDeC9Ae4A14b87,Monica,Fry,Female,clarkeshaun@example.net,Chiropodist,661,367
494,fdd16C2cB2631F0,Caleb,Nguyen,Female,janice77@example.com,Osteopath,7753,307
495,feaBDee80bd3bDf,Tasha,Lamb,Female,darryl45@example.net,IT technical support officer,6874,181
496,4AfB8b6AB186855,Alyssa,Cisneros,Female,shelia93@example.net,Fish farm manager,1971,199
497,eC15B0388fc6A1E,Seth,Bullock,Female,joann83@example.org,Publishing copy,3523,402
498,6EfA04eA2aA4F8f,Logan,Henry,Male,markbenitez@example.com,Counsellor,2099,433
499,a2a76D85aa14E12,Mark,Bishop,Male,gabrielgarcia@example.net,"Restaurant manager, fast food",9405,261
500,e1aCEb9B8e6FADd,Sheena,Baird,Male,vraymond@example.net,Legal secretary,3334,52
501,dFaB7Bc81Df7EFE,Melody,Clayton,Female,lynn01@example.net,"Investment banker, operational",2359,49
502,57AD76BAEEec978,Sheryl,Yoder,Male,zacharybean@example.com,"Engineer, civil (contracting)",9322,425
503,0Fa10024eA9C495,Lynn,Carney,Male,jmccoy@example.org,Volunteer coordinator,9582,17
504,45C1d78d93BFa96,Carmen,Irwin,Male,ian16@example.net,"Librarian, academic",2253,73
505,03ACdCF8F725B08,Shelley,Patton,Male,kiaramason@example.org,Production engineer,2967,288
506,Af9f7bEBaf20B3E,Jaime,Mays,Male,arielcarroll@example.com,Orthoptist,7937,78
507,E87cf2dc71eFEd1,Dan,Woodard,Female,stewartalan@example.net,Psychiatric nurse,8734,378
508,6de2B1AcFd9cD19,Melinda,Ortega,Male,pweber@example.net,"Psychologist, counselling",870,71
509,22A3f7DdA2f4CbD,Clayton,Flowers,Female,brennanamanda@example.net,"Scientist, research (life sciences)",1343,240
510,B93dCdCCA9aee5e,Rita,Jefferson,Female,ijacobson@example.com,Media planner,1223,257
511,6dbECa1c2d65A28,Melissa,Palmer,Female,alexandria21@example.org,Sports therapist,6620,460
512,c68d7D9e4f37ad0,Sally,Strickland,Male,ibrooks@example.com,Corporate investment banker,214,475
513,e5FcF92Af51de3A,Janice,Wood,Male,shauncompton@example.net,Podiatrist,4387,302
514,eaE6B24fCeeE972,Sean,Velazquez,Male,wintersperry@example.com,Leisure centre manager,3323,462
515,6BeFa7bCaCe35bf,Marcia,Berry,Female,alee@example.net,Bookseller,9309,480
516,7210306Eb0E1cDe,Dustin,Howard,Male,hayleydalton@example.com,Academic librarian,9764,427
517,440e0363A712DF3,Jodi,Jordan,Male,haydeneaton@example.com,Personal assistant,1571,50
518,5eE0eCa3c6ABffD,Benjamin,Moses,Female,roweisabel@example.org,Electronics engineer,7036,98
519,0eE44a7fAf7d1DB,Paula,Mooney,Female,phyllisnelson@example.com,"Designer, jewellery",2953,310
520,1d302cfF4C11B3c,Melvin,Edwards,Male,hestersheri@example.com,Publishing copy,8635,342
521,3f9be87fDa35Cab,Kaylee,Cantrell,Female,ross66@example.net,Naval architect,1603,400
522,89FdFDb8Fa09efF,Logan,Beck,Male,fernando58@example.com,Arts development officer,7934,482
523,ffD399FC7075C4b,Preston,Webb,Female,meghankirk@example.net,Theme park manager,9901,161
524,e64ea332bdDe3c2,Bernard,Payne,Male,dakota03@example.net,Product designer,5878,361
525,D59d22DD2bF13C8,Gina,Mays,Female,perrylindsay@example.com,Health and safety inspector,6768,413
526,7fdEf92EFD9a035,Ariel,Wilkinson,Male,reynoldsstacey@example.net,Medical illustrator,9392,273
527,4d6fB4FFdF963Ae,Don,Melton,Male,aguilaralfred@example.net,Architect,451,163
528,0fD7769271FC4d4,Alex,Burns,Female,pittsmarissa@example.com,Immunologist,4704,267
529,A1CF962d1120Af2,Shelia,Spencer,Male,martinkarina@example.com,"Geologist, engineering",3501,357
530,348E5aCe5b6dFC8,Dominic,Graham,Male,karinacooke@example.net,"Scientist, clinical (histocompatibility and immunogenetics)",1156,70
531,48bD7CBc57D9B81,Leslie,Richmond,Male,gwendolyn74@example.com,Personal assistant,5899,100
532,e5c8a1353Ea0C5F,Amy,Roman,Female,ashley97@example.net,Immigration officer,8554,284
533,22A2538bBcCBf1C,Judy,Meyers,Male,myersanita@example.org,Technical brewer,7561,344
534,b1bb1cC8deF5333,Alex,Morrison,Female,alyssa29@example.com,Veterinary surgeon,5412,11
535,66dAcfaceb50FCA,Allen,Mccall,Female,rileymullins@example.com,Scientific laboratory technician,8025,32
536,4c41eedEcD804E2,Tiffany,Donovan,Female,morganortega@example.net,Set designer,5637,406
537,a3672321B2aAa1F,Sally,Garrett,Female,cflowers@example.net,Agricultural consultant,4999,84
538,B42e02edC3Ae9Cb,Dakota,Pace,Male,keymary@example.com,"Buyer, retail",6734,255
539,6cA2D7ED3BeFb75,Willie,Ewing,Female,tristansawyer@example.com,"Engineer, materials",9187,226
540,effC88CfAbbC5f1,Isabella,Caldwell,Female,tterry@example.net,Geophysicist/field seismologist,5188,104
541,7f7FFaa2d63b1a7,Janet,Mcgrath,Male,rabbott@example.org,Quality manager,2797,104
542,cA1f220241E096C,Jeanette,Thompson,Male,nhogan@example.net,Holiday representative,3666,111
543,1EfcdA0C36Eedc5,Emily,Lawson,Male,lisaayala@example.org,Chief Marketing Officer,9134,131
544,8D7Abd69EBcabCb,Cristian,Chavez,Male,marissavalentine@example.org,"Journalist, magazine",6589,95
545,a6cAC992Fb6BEBC,Nina,Mullins,Female,rosscoffey@example.com,Estate agent,3443,38
546,660FcEEffCAbF4a,Kyle,Bruce,Male,langdustin@example.net,Mechanical engineer,3847,154
547,4ab12D986DeafDc,Jacob,Arroyo,Female,manuel98@example.com,Prison officer,9958,451
548,A624979ED308f61,Nicholas,Kirby,Female,kentzuniga@example.net,Phytotherapist,5515,69
549,Ad3eeD6281043bB,Jasmine,Chapman,Female,perry90@example.com,Education administrator,5387,154
550,b57FacbCd397D90,Jackie,Potter,Female,logannicole@example.net,Minerals surveyor,3123,196
551,6da0A79eB0aAF5c,Rebecca,Castillo,Female,parksseth@example.net,Sports therapist,9562,330
552,De2AA444491b30C,Catherine,Summers,Male,uschultz@example.org,"Pilot, airline",2037,293
553,22cd7dca009E6b1,Clifford,Shields,Male,felicia16@example.net,Armed forces operational officer,3734,308
554,8D2CF389dfD9753,Chase,Davies,Female,walterbilly@example.net,Public affairs consultant,2298,161
555,c3df75a238AC754,Jeff,Mejia,Male,nancy68@example.org,Clinical psychologist,4689,206
556,BDFA03Ae3b2f54b,Brandy,Baxter,Male,darin55@example.net,Firefighter,9382,224
557,0961FAf90F4b2b1,Heidi,Valenzuela,Female,shahbreanna@example.net,Tourist information centre manager,9516,352
558,84d541bF328a42E,Andrew,Logan,Male,salazaremily@example.net,Training and development officer,5283,46
559,6A8E5aE93ef7Aff,Virginia,Sparks,Female,chanalyssa@example.com,Recycling officer,7408,437
560,B1F5F9C8FAb02cb,Samantha,Brown,Male,andreelliott@example.org,"Administrator, sports",7463,447
561,6CB75D1B2ab98E8,Lorraine,Andersen,Female,glendamueller@example.net,Fitness centre manager,8369,210
562,B1ffb1704b624FB,Kendra,Buck,Male,jkeller@example.com,Armed forces logistics/support/administrative officer,2460,292
563,E6bB801aCD2F2a0,Aaron,Wheeler,Female,wilcoxalexis@example.net,Investment analyst,4404,28
564,d6Dde5a8cDAcaCF,Raven,Waters,Female,oreese@example.org,"Runner, broadcasting/film/video",2869,238
565,42069E2a97adFCb,Terri,Stout,Male,jeanne07@example.com,Agricultural engineer,6783,207
566,0D9d3de32cBD4De,Ross,Cherry,Male,russodawn@example.org,"Programme researcher, broadcasting/film/video",7976,229
567,09bfCF9a254fDBC,Jeremy,Gonzales,Male,patriciaenglish@example.org,Dramatherapist,7297,301
568,f0Ece0Adc57469f,Edward,Mcintosh,Male,tcantrell@example.org,"Conservation officer, nature",9530,266
569,bdEbae54edc2b23,Sabrina,Wilkerson,Female,aaronmonroe@example.com,Insurance claims handler,1882,468
570,3d8FCb3DEc6DF1A,Darren,Ramirez,Female,rushashlee@example.com,Insurance account manager,4306,58
571,0dC7084B63A02BE,Tanya,Burgess,Female,cheyennelevine@example.net,Secondary school teacher,1403,110
572,b55f4a156a24024,Connor,Benitez,Female,ballardtina@example.net,Physiological scientist,2157,163
573,9AE7aF4ddAdEA5f,Angela,Pruitt,Female,gbeard@example.com,Paediatric nurse,7740,331
574,21476cdda8cbB56,Norma,Cline,Female,autumn44@example.com,Web designer,8664,414
575,1Ce2abB79CA6b40,Perry,Camacho,Male,allentamara@example.net,Cartographer,6982,421
576,d1dBCAD3825277E,Darryl,Ballard,Female,lauren07@example.com,Phytotherapist,1617,50
577,738C11c81DEeeb8,Maxwell,Greene,Female,maysjason@example.org,"Therapist, sports",3141,83
578,7BFf0E550f2D794,Nicole,Harrington,Female,schneiderwilliam@example.com,Archivist,8404,399
579,7FB6905ebe1A4FB,Gail,Walters,Female,ruthashley@example.com,Dietitian,4343,423
580,fAd50CaEC5De3a2,David,Cooper,Female,hross@example.net,Trade mark attorney,8436,39
581,0d76Cc0178cEDde,Jade,Molina,Female,hurleydeborah@example.com,Ceramics designer,1534,389
582,8034D6C38d32ceB,Shannon,Marquez,Male,alex20@example.net,Patent examiner,7064,482
583,Aca5354F4cFDE1f,Jake,Shannon,Male,abautista@example.com,Clinical embryologist,9178,88
584,1CAE1D46Bb2D88b,Dawn,Lowery,Female,darlene54@example.com,Video editor,7337,435
585,bBad672CaFe2Bf2,Carrie,Newman,Male,medinachristie@example.org,"Sound technician, broadcasting/film/video",2422,168
586,Bd5097dA8dAED4D,Ross,Davenport,Male,gmacdonald@example.net,"Horticulturist, commercial",7760,166
587,FCb92CeC4Bd2Fa5,Johnathan,Dudley,Female,neilmeza@example.net,Data scientist,1303,19
588,D9e46cBD0bb5D98,Franklin,Decker,Female,cwoods@example.org,Licensed conveyancer,7859,421
589,FbCfee2c5A11b99,Candace,Velasquez,Male,warren03@example.com,Recycling officer,2249,143
590,67844458acb8E4f,Kaylee,Skinner,Female,gfrazier@example.org,Tourism officer,4027,159
591,8fdA78eCB748D7A,Francis,Carr,Male,soniamontes@example.com,Local government officer,9802,66
592,aB4EC741BFAd71f,Breanna,Yu,Female,bvalenzuela@example.org,"Accountant, chartered public finance",9982,447
593,74c74Cac4de4fDf,Marco,Ramos,Female,frederickcooley@example.com,"Conservator, museum/gallery",2665,82
594,1EB8ac9BE8bbC8a,April,Love,Female,kluna@example.net,Early years teacher,3877,471
595,6fc27d896D3c31e,Bryan,Wise,Male,mackenziekennedy@example.org,"Engineer, drilling",1144,293
596,3E836e147370be3,Sabrina,Burch,Male,ewheeler@example.org,Dramatherapist,4775,241
597,220bEfDd34E26EC,Evan,Kerr,Female,clarencesimmons@example.net,"Clinical scientist, histocompatibility and immunogenetics",5376,240
598,7B4fC10a2bafCF3,Luis,Knox,Female,rsanchez@example.org,TEFL teacher,2449,40
599,a93ce099dd11BB0,Jo,Beasley,Female,romananna@example.org,"Engineer, manufacturing systems",9165,156
600,fF284beE35bBA83,Rebecca,Beasley,Female,kristinasantos@example.net,Film/video editor,4421,406
601,ABf7325Ecd6bcbC,Kristie,Good,Male,leachalicia@example.com,Banker,9715,448
602,ec2Cc8fbFBF8F8D,Natalie,Velasquez,Female,bbarnett@example.org,"Psychotherapist, child",1691,228
603,D25eCcABfFE4C5c,Dominic,Friedman,Male,hancockpaige@example.org,Cartographer,9260,57
604,B3cc4415Cf3aDeC,Molly,Ashley,Female,susanyu@example.org,"Engineer, drilling",821,169
605,BE2A1E276a26bA1,Kristin,Wang,Female,cristiannicholson@example.org,Civil Service administrator,7758,52
606,65C7BEd9cb1B8aA,Rick,Chavez,Male,katelynpowell@example.org,Armed forces training and education officer,2564,133
607,4bB94aac5333AE1,Wyatt,Bennett,Female,mcneildonald@example.net,"Production designer, theatre/television/film",9826,435
608,CDeF8A60Fb7A1Cc,Meagan,Roth,Female,wilkinsalicia@example.org,Musician,4504,381
609,E3f1FCb09027344,Lisa,Roy,Male,schroedereileen@example.com,Music therapist,4038,246
610,Ce4A51f46CD8379,Marie,Bautista,Female,smithluis@example.org,Diagnostic radiographer,4571,259
611,EF07DC6caA5D31F,Rita,Walsh,Male,udonaldson@example.org,Health physicist,9924,146
612,0CfCCfc4617b8fd,Howard,Sosa,Female,joshuawhitehead@example.net,"Engineer, maintenance (IT)",9695,337
613,EAebe71E9B4F8ca,Kenneth,Middleton,Male,leonard98@example.com,TEFL teacher,7023,103
614,59F389BC8b480eC,Katelyn,Burns,Male,johnswesley@example.net,"Psychologist, counselling",6387,43
615,5f4B1F99D8EfDf1,Douglas,Ellis,Male,zoeknight@example.com,Geochemist,1985,212
616,35b3eD70Ba7bfF9,Rickey,Sims,Female,yolanda29@example.net,Event organiser,6121,216
617,44bCffc462bAA63,Tammy,Delacruz,Female,dwaynemay@example.net,Tourist information centre manager,8374,143
618,20E292e52B978EA,Mallory,Warner,Male,migueljordan@example.net,Clinical molecular geneticist,8345,360
619,936CC4d80a9960F,Charlene,Abbott,Female,morganoscar@example.net,Barrister's clerk,6663,213
620,5E5dbe677C8Da1D,Bailey,Bonilla,Male,bishopdesiree@example.net,Customer service manager,8791,281
621,15AB971997BFF3b,Jody,Carlson,Female,olivia64@example.net,Art gallery manager,9788,124
622,BD4D1Ce1cE4daA3,Theresa,Zavala,Female,gallagheraimee@example.net,Charity fundraiser,9653,216
623,eCD633518f1E6ed,Darlene,Underwood,Female,geoffrey78@example.org,Systems analyst,9259,258
624,73d4A6193AAEcCC,Amanda,Glover,Female,alexis67@example.org,Armed forces training and education officer,3202,112
625,FE85af8035F58c4,Vickie,Mcgee,Female,sierrapearson@example.com,Chemical engineer,4968,359
626,b05b2FcafF87ebe,Laurie,Wallace,Male,christopher36@example.org,Architectural technologist,9120,197
627,10a20299ba5e079,Fernando,Escobar,Female,alejandro98@example.net,Printmaker,7537,79
628,19Fed9aFBA694a3,George,Maynard,Male,gromero@example.org,Minerals surveyor,4229,64
629,596B7256a000033,Samuel,Glover,Male,conradalvin@example.net,Logistics and distribution manager,1812,211
630,A4E3D5AD1895c5C,Heidi,Brock,Male,kelly77@example.com,Archivist,4271,383
631,a6eC59c6f5e5B25,Bill,Pierce,Male,walter50@example.org,Theatre manager,3675,338
632,8bC1dECdBE9C486,Max,Hanson,Female,dylanmccall@example.com,Physiotherapist,3968,293
633,a48c52e71Fe4BFC,Alexander,Benjamin,Male,mtaylor@example.net,Communications engineer,587,275
634,EB191EA73E73195,Kelly,Gentry,Female,pamelamueller@example.org,Cabin crew,8337,316
635,cFa41AC8D3DFbbd,Brett,Petersen,Male,garrett10@example.net,Interpreter,6982,394
636,FbB1eCd50d46bbf,Lorraine,Miles,Male,wiseroberta@example.com,Advertising account executive,4597,197
637,D2A1597db9DD6cb,Heidi,Berger,Male,graycarrie@example.net,Phytotherapist,4787,470
638,f4EfF9e2fc4D0bC,Jaime,Kelley,Female,onealstephen@example.com,"Journalist, broadcasting",1337,146
639,CBA7CBab9Dfeabe,Brittany,Conner,Female,jennaguerra@example.com,Operations geologist,545,83
640,FFB77320B39ea0E,Christy,Martin,Male,cassandrafrazier@example.com,Furniture designer,6670,310
641,C8F6080ebFbAf2E,Regina,Sims,Female,breanna42@example.org,"Engineer, production",6809,364
642,4aFFB7eC9bd16fc,Ariel,Bean,Female,imitchell@example.com,Chemical engineer,869,351
643,C8CB3Df525208B3,Troy,Weeks,Male,elliscandice@example.com,Higher education lecturer,8375,13
644,Bd6E5AeDB8b0B85,Carrie,Gomez,Male,cristinalevine@example.org,Insurance broker,437,254
645,eEd90E2BE67cfEa,Norman,Lambert,Male,ibarrajasmin@example.org,Radiation protection practitioner,7154,289
646,eB4dd4CFf58a92c,Vernon,Lara,Male,michellecunningham@example.net,"Psychologist, counselling",6586,242
647,4da9465cBbcd1a9,Shaun,Robertson,Male,collinskyle@example.org,"Social research officer, government",9241,319
648,1c4a1Fb8Edf68Bd,Sheila,Pace,Female,bvalentine@example.net,"Scientist, biomedical",5505,299
649,8FB6bFbdf6d5AFD,Diamond,Huber,Female,kathleenlivingston@example.net,Secondary school teacher,1196,313
650,EcF5c3AAa4aBB82,Bryan,Oconnell,Male,rebecca49@example.org,"Engineer, maintenance (IT)",5270,22
651,F16DDAAEF9Aa1E9,Chelsea,Fitzpatrick,Male,sandyandrade@example.com,Trade union research officer,9656,463
652,A3C384EB6F44Fc9,Emma,Jenkins,Female,betty89@example.net,"Engineer, materials",3257,71
653,BA9FCDFCed8a434,Elijah,Roberts,Female,janet65@example.com,"Biochemist, clinical",3788,55
654,77F47E08CfbCa65,Darren,Hamilton,Female,kaylee41@example.com,Mental health nurse,6409,35
655,3ACACCEa43cc701,Alicia,Orr,Male,mindy66@example.org,Probation officer,4803,7
656,5b8EC2B3CE232Dc,Christina,Barnett,Female,spencerdean@example.net,Firefighter,6864,377
657,A93DD75a1B1aC2a,Tabitha,Beltran,Female,morsebernard@example.net,"Engineer, communications",7303,161
658,45a386F7a80Cdbe,Sarah,Schroeder,Male,gabriella52@example.com,"Engineer, civil (consulting)",8883,128
659,F16A25630bcb0CC,Katrina,Jordan,Female,joel78@example.com,Planning and development surveyor,7824,247
660,7D5A42fDBCE5D17,Sophia,Harris,Female,koneal@example.net,Financial planner,1864,14
661,f11201935b4Aaa6,Brady,Coffey,Female,uharrell@example.org,Data scientist,9402,110
662,f1433fdBF2aF214,Kristie,Cameron,Female,achristensen@example.com,Management consultant,1794,177
663,7f988e027112551,Tracy,Yang,Female,daringonzales@example.com,Company secretary,2948,337
664,0dF8df0E0e1Cf4B,Hayley,Hess,Female,tranpatty@example.org,"Exhibitions officer, museum/gallery",2457,182
665,edf83d698CAcdD2,Joanne,Moody,Male,alexandersantiago@example.net,"Designer, industrial/product",8167,416
666,Ca53B9d7EdF83EE,Rick,Shields,Male,gentryaustin@example.net,Contracting civil engineer,6649,9
667,eBD1d5A9cc662a3,Jo,Harris,Male,kristatorres@example.net,Clinical biochemist,8748,85
668,0Aa56ae7D7fe82f,Yvette,Barrett,Male,michaelawillis@example.net,Tax inspector,9955,353
669,f50FBaf6A949269,Autumn,Avila,Male,harringtonjames@example.net,Operational researcher,7142,98
670,3cB04beBeCd2daa,Eduardo,Maldonado,Female,jbuchanan@example.com,Environmental consultant,2762,479
671,F593F1abdecC4bc,Shari,Gillespie,Female,terrenceware@example.net,Sports development officer,1005,316
672,79fBAFAdA0Cc4c3,Caitlyn,Webb,Male,jhancock@example.com,Fine artist,127,62
673,CE058D7DB97D0Df,Cathy,Gallagher,Female,lwalker@example.org,Nature conservation officer,2911,211
674,Fd8ad0F0ff47bAd,Morgan,Spears,Female,miaward@example.com,Fisheries officer,3031,288
675,6F140eDaa8EaBfF,Bianca,Merritt,Male,danawatts@example.com,Architectural technologist,9635,73
676,cFeE691ffA1c254,Kenneth,Sanchez,Male,rhondakrause@example.net,"Secretary, company",6092,428
677,C4D0eeca81999E0,David,Skinner,Male,stacy04@example.net,Writer,3909,179
678,F73c1acfEabbe77,Caitlin,Hoffman,Female,richshari@example.com,Phytotherapist,4866,78
679,CB7Bb6f8B855dD7,Peggy,Moore,Male,bvaughn@example.com,"Teacher, adult education",2857,238
680,fD9d0F38eFBa56B,Doris,Larsen,Female,ewatts@example.com,Financial controller,4034,55
681,203e2beE6cc7d3b,Mercedes,Potts,Female,virginiarichard@example.com,"Conservation officer, historic buildings",484,92
682,7f1600A9e94BcDB,Craig,Duffy,Male,jeffersonbrittney@example.net,Operations geologist,7679,436
683,bC702C45cBCCa3F,Tami,Patton,Female,blackburnmiranda@example.net,Web designer,4238,280
684,7d36C7aBBbf4b83,Erik,Summers,Male,woodarddarryl@example.com,Glass blower/designer,8234,248
685,7333106C93e179c,Theresa,Cantrell,Female,qcraig@example.com,Archivist,9684,184
686,dBF044bC70d8afd,Kendra,Bird,Female,yhubbard@example.com,Civil Service administrator,9628,350
687,80e5d8dD8aFAdcb,Heidi,Odonnell,Male,lambdennis@example.org,Water quality scientist,5606,465
688,8CaBCcBfccaacb0,Regina,Green,Female,earlbenson@example.net,Television production assistant,4547,192
689,FF2F15A0c3e6Df6,Betty,Quinn,Female,cherylhuang@example.org,Applications developer,8617,232
690,eBc8c80DF2ca986,Mariah,Woodard,Female,madison48@example.com,Quantity surveyor,3040,497
691,caEcaEe8b14Cfae,Emily,Molina,Male,xrusso@example.net,Personnel officer,7537,36
692,C7e5E19673db661,Kristine,Dyer,Female,autumn44@example.org,"Engineer, civil (contracting)",1550,219
693,7EDC571BC5fb2Cc,Brad,Crosby,Female,ydillon@example.net,Magazine journalist,4971,451
694,1D2cA9eDfc7aAAC,Drew,Beck,Male,evelyn76@example.org,Heritage manager,3137,132
695,6EEacA1cC73fDba,Blake,Whitehead,Male,wrush@example.net,Control and instrumentation engineer,3701,367
696,acf2a33A8Fc3Cd9,Maureen,Flores,Female,terrancegordon@example.com,Youth worker,2335,475
697,1B7E5A3B1837BF8,Monica,Santos,Female,douglasmorrison@example.org,Youth worker,1764,478
698,f430E7D24D8CdD5,Brittney,Stephens,Female,jaredgallagher@example.net,"Conservation officer, historic buildings",2620,178
699,d5DEd272fDF5bEA,Aaron,Little,Male,mitchell36@example.com,Hydrographic surveyor,8011,142
700,BCe1cA2aF4dc7Df,Leon,Duarte,Male,estradasusan@example.org,Building services engineer,1104,175
701,59b8B645CDe6e88,Frances,Harrell,Male,fieldstanya@example.net,"Production assistant, radio",6373,416
702,e5b56663E1207cF,Anthony,Ross,Female,onewman@example.com,Paediatric nurse,4026,176
703,A4bD25aEFeB33fa,Alejandra,Esparza,Female,rhines@example.com,"Administrator, education",9648,236
704,6dc774AEa44FFea,Angelica,Lynn,Female,odennis@example.net,Adult guidance worker,9408,52
705,84b2ad43250301f,Tara,Moody,Male,huntjohn@example.com,Arts administrator,1882,482
706,5E0A3C8fe14c45e,Patrick,Landry,Female,garciaeduardo@example.net,Dramatherapist,7514,278
707,2d4bFC48Fa759eC,Claire,Esparza,Male,maysmelvin@example.org,Automotive engineer,5287,196
708,2bA0A8BBbAEFF68,Evan,Sheppard,Male,pnovak@example.com,Fashion designer,8168,141
709,cA10A9202e6bA2D,Claire,Thornton,Male,fernando64@example.com,Systems analyst,9904,294
710,1edDB7AddBB3e9E,Richard,Rocha,Female,scrosby@example.com,Food technologist,2277,165
711,ab2c4afC563bDc6,Kent,Flowers,Male,warejoanna@example.net,"Teacher, adult education",3401,420
712,F7bf5c95e39b7BE,Jane,Zamora,Female,vanessa70@example.com,"Accountant, chartered certified",4012,372
713,B117Cee2EEa4125,Rita,Sweeney,Female,jessica23@example.com,Engineering geologist,2747,327
714,8b0bC617a6a50Dc,Leah,Mcfarland,Male,lauriehudson@example.com,Bonds trader,7109,107
715,8aa995c7659BC9C,Vincent,Schmidt,Male,krausejo@example.net,"Accountant, chartered public finance",3249,227
716,C54D6636EBAAD95,Ronnie,Hurley,Male,cathycalhoun@example.com,"Teacher, English as a foreign language",901,269
717,FB6Fdd4Ff910aeE,Audrey,Burke,Female,jocelyn06@example.org,Public relations officer,2490,442
718,029daB8F128B645,Javier,Mata,Male,melvin39@example.org,"Nurse, mental health",9818,67
719,fAe6254d1E37D0d,Cassie,Price,Female,barbarakrause@example.org,Furniture designer,4670,449
720,5FAaf91AF4cb9d0,Julian,Zuniga,Female,michealfrazier@example.net,"Administrator, education",7711,402
721,AA8CB54E5bE8f7f,Carla,Ramos,Male,rayblackwell@example.net,Podiatrist,5926,177
722,BC35A8dAaE8A73e,Elizabeth,Pearson,Male,lisaflynn@example.org,"Loss adjuster, chartered",3271,107
723,A8DcFC5bC8276BD,Lorraine,Carney,Male,katherine31@example.com,"Designer, multimedia",2474,184
724,E15806c8d7dE468,Joanna,Kaiser,Male,denise90@example.org,Theme park manager,9790,246
725,D25CCce21EFbe7F,Johnny,Daugherty,Male,valdezdana@example.org,"Therapist, drama",9043,385
726,7e9af03228B5Cb9,Gabriel,Bird,Male,jeaton@example.com,Health promotion specialist,9567,82
727,FAbE465EA20A1Ba,Bianca,Becker,Female,chloeray@example.com,Press sub,6087,195
728,d2fFe97a32647f6,Reginald,Roach,Female,parsonsrussell@example.org,Restaurant manager,2377,363
729,f2659f09BB9d186,Kimberly,Kirby,Male,xcabrera@example.com,Senior tax professional/tax inspector,172,149
730,c9b482D7aa3e682,Lonnie,Duke,Female,kevinkramer@example.net,"Nurse, adult",7636,454
731,ac9A8cBf5e8EAEd,Kelli,Koch,Male,dherring@example.net,Sub,4673,476
732,bF6e50d8Ca9f8F9,Jo,Kidd,Female,sherrybenton@example.org,"Engineer, maintenance (IT)",3132,62
733,A20150cA0966CAF,Diana,Rivera,Female,malikglass@example.net,Higher education lecturer,6814,154
734,FF932e2bcccb9B2,Allen,Fitzgerald,Female,sherylclay@example.org,Probation officer,4598,83
735,9BF53D7DcabdAA7,Leonard,Wallace,Female,knightmiguel@example.com,"Chemist, analytical",3643,453
736,5A3147D0A0b5eFa,Arthur,Pugh,Female,charlesjanet@example.com,Metallurgist,1022,273
737,a2110859fEdbcaB,Dwayne,Bauer,Male,meagan80@example.org,"Social research officer, government",7230,132
738,BBa02EC792cfFf3,Heidi,Avila,Female,willisannette@example.org,Industrial/product designer,2313,24
739,BF2d1D6E5bacaBC,Franklin,Key,Male,bridget79@example.org,Immunologist,5792,101
740,d8D3Ed36fa630bE,Sergio,Rangel,Female,catherineholden@example.com,Multimedia programmer,6393,383
741,b0E2bF69efAB9c5,Gina,David,Male,barrleroy@example.org,Television/film/video producer,1450,148
742,95e04B535D8e8CC,Mike,Baldwin,Male,rchaney@example.org,"Scientist, clinical (histocompatibility and immunogenetics)",2765,251
743,8019a2FFb2c0a3B,Holly,Burnett,Female,lindsey59@example.com,Warehouse manager,2832,287
744,de8Bb8dEa84d29F,Jenna,Dawson,Female,ngrimes@example.com,"Education officer, community",288,226
745,79e8a7A269f890d,Catherine,Bryan,Male,prestonmiranda@example.org,Operations geologist,4875,500
746,e80Fa1FFD1Eb46A,Jerome,Dougherty,Male,fernandomason@example.net,Clinical biochemist,2968,474
747,CEa30100D11C420,Wayne,Zhang,Male,imccullough@example.net,Teaching laboratory technician,9966,148
748,Ab9bBff60787e3A,Blake,Duke,Male,shawn86@example.com,Seismic interpreter,7861,359
749,eaAda801D24C59C,Rick,Mosley,Male,howardariel@example.com,Video editor,1587,132
750,f18c18ab8Ab27Fc,Reginald,Howard,Male,lindseyleblanc@example.com,Astronomer,9077,412
751,43A1757E8DbA223,Chad,Manning,Male,lhuffman@example.org,Contractor,5312,143
752,Fb9178FdC2CEE3d,Wayne,Velazquez,Female,tanyaromero@example.net,Prison officer,9208,455
753,A97F9D0BFde1565,Darren,Lowery,Female,bhaney@example.org,Forensic scientist,3802,336
754,0AbaC4a6BB81Ab6,Perry,Wright,Female,joseph15@example.com,"Geneticist, molecular",722,269
755,E28aB037BCbdE2a,Mandy,Gregory,Male,spearssonya@example.org,Teaching laboratory technician,447,451
756,Eb6Cd01A17a5a56,Tammie,Neal,Female,norma12@example.net,Medical secretary,3370,267
757,cCbd920BE02ee0F,Wayne,Guzman,Male,suzannemaxwell@example.org,Social worker,9837,4
758,B5709aba28899e6,Whitney,Wang,Male,fullerstuart@example.net,Health and safety inspector,9100,474
759,FBe8a925400f4f4,Cassie,Moore,Male,shahphyllis@example.org,Recruitment consultant,6412,332
760,F2aEDA5F5fc0685,Regina,Carlson,Male,lauren11@example.org,Brewing technologist,6981,225
761,eABE50FeE6c751b,Jason,Downs,Female,lhooper@example.org,Mudlogger,8000,434
762,d7669B20ebC9A2e,Jose,Kemp,Female,beverlyhawkins@example.com,Actor,1889,255
763,424F7Df575a3065,Joy,Meadows,Female,nathanibarra@example.com,Intelligence analyst,9385,177
764,Bebf9fB917CFc6a,Renee,Bowen,Male,tknapp@example.org,Restaurant manager,2746,440
765,fe01EF29A34aF99,Julian,Pennington,Female,kingabigail@example.com,English as a second language teacher,1520,363
766,faCaD334e8Eef84,Pam,Jennings,Male,alisha35@example.com,Paediatric nurse,9730,453
767,F32De403D1DBac2,Julie,Mckay,Female,cathy34@example.com,Sports administrator,1066,127
768,7740F2cBCaEB2fC,Jodi,Pena,Male,cannondean@example.net,Biomedical scientist,8599,62
769,7502B47999fF8ED,Mason,Compton,Female,vmunoz@example.net,Homeopath,7594,163
770,C5BAe1ADD5986cE,Frederick,Perry,Female,kristinerodgers@example.com,"Nurse, adult",4615,466
771,dC121D6cCe812fa,Sheena,Crawford,Female,miranda19@example.org,Ceramics designer,3105,376
772,6f9fcADee67c713,Katelyn,Henderson,Male,gpatterson@example.org,Advertising account planner,8562,74
773,5DACBefF884DffE,Bobby,Patterson,Male,alicejoyce@example.net,Town planner,5709,385
774,db90E7B9FF2A9C0,Marvin,Steele,Female,lukefuentes@example.com,Ecologist,8216,219
775,5CAbD9dF096Aa13,Katrina,Woods,Female,haileydurham@example.org,"Surveyor, building control",1414,495
776,fcfDa2eC50ae07C,Rachael,Delgado,Male,kristinedaniels@example.org,Fashion designer,7424,45
777,Ed91fA258936EC5,Alexandra,Ward,Female,lzhang@example.com,Intelligence analyst,7428,134
778,F5a33C77aA390AC,Darlene,Mcdonald,Female,katiehurley@example.org,Curator,3844,30
779,cdD4Ee6be68BADD,Morgan,Luna,Male,zaustin@example.org,Theme park manager,6663,233
780,e8Cb6Bc924f9FDe,Vernon,Hancock,Female,simmonsrickey@example.net,"Development worker, international aid",5028,44
781,dF4FDB4BDAA5f8f,Robyn,Richardson,Female,alishasmith@example.net,"Surveyor, minerals",3404,327
782,6aBba43CE031E14,Vanessa,Fischer,Male,kyliegill@example.com,"Surveyor, commercial/residential",8711,397
783,Dba3CD8ABD2D807,Heidi,Roman,Male,jasmine45@example.com,Fine artist,4997,47
784,231cA50d1fBAC0f,Kristen,Brewer,Male,yatesjoy@example.com,Social researcher,1944,177
785,9eD7FFd12eDFaCe,Jean,Browning,Female,clineangela@example.net,Personnel officer,6191,255
786,7Cd475256fF1D28,Lawrence,Gregory,Male,yolanda30@example.com,Make,3928,260
787,FFdAE44a6E3A64C,Christine,Payne,Male,ihouse@example.org,Art gallery manager,7075,241
788,27eeC47948DFD15,Barbara,Ramirez,Female,kiddmakayla@example.com,Ambulance person,2120,245
789,f7B611b1acC1564,Ruben,Hammond,Female,delgadodarren@example.com,Freight forwarder,1005,293
790,A4D53a3EfCfcAcB,Donald,Nash,Female,albertsummers@example.net,Speech and language therapist,4947,146
791,668E9F3f3fbfD6f,Angelica,Anthony,Female,andre30@example.org,Advertising account executive,5331,364
792,4A9BA13acFe3dB1,Claire,Glass,Female,vanessacox@example.com,Race relations officer,1730,261
793,e1835eA12f669Ab,Leslie,Curry,Female,mike30@example.org,Psychiatrist,3666,321
794,Da915B5ed8D97d4,Calvin,Thomas,Male,munozglenda@example.com,"Conservation officer, historic buildings",8662,361
795,caDAddce68a5E34,Makayla,Boyer,Male,claire28@example.org,Forensic scientist,3250,37
796,5150EF9E1cfceb2,Caitlyn,Bass,Male,xjohns@example.com,Dietitian,7421,353
797,3fEA9f572A3af9D,Tony,Holmes,Male,alecblake@example.org,"Engineer, production",1832,428
798,7b8cD5a408faDB0,Lydia,Cisneros,Male,phillipspence@example.net,"Editor, film/video",5308,454
799,a1169FdfbB173E8,Debra,Knight,Female,hhayden@example.net,Actuary,4714,359
800,d267aDd8B64dE78,Garrett,Barber,Female,dwayne48@example.net,Purchasing manager,7204,233
801,Dea7Ff4d68c0FD3,Annette,Grant,Male,jakerichard@example.org,Chartered certified accountant,3935,310
802,d2DEaD9fd0ac7EC,Todd,Blackburn,Female,bowengerald@example.com,Farm manager,6961,407
803,ee4aB7cf0f5c058,Xavier,Ray,Female,tommy55@example.net,Freight forwarder,3739,24
804,c96f6E281e57197,Gilbert,Wilcox,Female,elynch@example.com,Historic buildings inspector/conservation officer,4982,317
805,18941F347C6EFd2,Frances,Gilbert,Female,stacey22@example.com,"Journalist, newspaper",8193,62
806,25Eeca12Af6dc9b,Eduardo,Whitehead,Female,riveratracy@example.org,Legal executive,2986,222
807,d9dD13F72DeBEFc,Jillian,Valenzuela,Female,robinsontaylor@example.net,Music therapist,9055,7
808,acF9EcCcB6aa19F,Jenna,Atkins,Female,janicerodriguez@example.com,Broadcast presenter,4513,290
809,A04BcfcDF9FeB1e,Chelsey,Martinez,Male,daniellestanley@example.org,Actuary,1622,58
810,DC89eCAd3e29B64,Ebony,Harmon,Female,guyroberson@example.net,Energy manager,5043,43
811,d9cdb1B50b11E0a,Grace,Underwood,Female,tiffanymaxwell@example.net,Electronics engineer,9272,118
812,D4cd00da652b525,Harry,Conrad,Female,raymonddickerson@example.net,Neurosurgeon,4156,279
813,d0Fd08CEbA41c09,Rebekah,Koch,Female,livingstonrandy@example.com,Television production assistant,5727,490
814,e96B00Ea1A4AfEb,Jody,Nguyen,Female,birdchristine@example.net,Editorial assistant,5471,123
815,cfd7AbC9Fda5B0d,Caleb,Erickson,Male,zimmermanchelsea@example.org,Medical technical officer,8313,118
816,a691dFeB0E93d4d,Katie,Gamble,Female,marshallmary@example.com,Television production assistant,3334,178
817,71F739A38d5D85A,Patricia,Lane,Female,wolfeshelby@example.org,"Education officer, environmental",493,395
818,8C68f3F7fCdE854,Dorothy,Shannon,Male,tonya08@example.org,Industrial buyer,1526,27
819,9dD0fA3FA742F6e,Dominic,Moran,Male,gavinyork@example.org,Herpetologist,8098,307
820,bd0E4aCa6c9Ff6b,Virginia,Tate,Female,zcortez@example.com,"Surveyor, mining",6429,101
821,2d5C3dc437CF74c,Terrance,Hubbard,Male,katienoble@example.org,Copy,9760,270
822,D8A160cFf6B758C,Paula,Daniels,Male,baileybarron@example.net,Engineering geologist,2864,205
823,ca405D00cbffbB0,Steve,Peck,Male,nicole39@example.org,Physiotherapist,3337,149
824,031EEefB0f3f0C0,Franklin,Conley,Female,carlos21@example.org,"Engineer, broadcasting (operations)",2240,486
825,c04a307Bf53C5a5,Mary,Aguirre,Male,djordan@example.net,Civil Service fast streamer,4339,249
826,9A6ef2C5f4192B9,Krista,Alexander,Female,raymartin@example.org,Chartered management accountant,7573,396
827,bC9AF9CD40dB26C,Tim,Frey,Female,kiddbryce@example.net,Rural practice surveyor,8929,115
828,e08F4F30bB170cb,Shane,Mcgrath,Male,latoya41@example.org,Audiological scientist,2967,453
829,43CdFBDc5D631BB,Sonya,Nixon,Male,allisoncoleman@example.org,Visual merchandiser,3824,440
830,C373a6DfE147b59,Diana,Burnett,Male,griffinadam@example.net,"Engineer, biomedical",9005,121
831,feAb6AB57dE8DB3,Kirk,Stanton,Female,fcantrell@example.org,"Scientist, forensic",2331,198
832,b6A2C01C4d6c9a0,Toni,Kline,Female,shouse@example.net,Camera operator,305,264
833,0e0E47F5b9AbdDe,Sonya,Flowers,Female,novakleroy@example.com,"Designer, blown glass/stained glass",9061,452
834,bc4EAf173C2e2cc,Stuart,Kim,Female,chrismcknight@example.net,Naval architect,3649,350
835,7EAB1b223De8c22,Margaret,Wang,Male,dfrost@example.net,Water engineer,2506,193
836,0CFcdEe5cbBdA0c,Fred,Dennis,Male,littlecesar@example.com,Theatre stage manager,5949,333
837,8fB74AeAa3e1a76,Becky,Jimenez,Male,coreysavage@example.com,"Conservator, museum/gallery",6708,79
838,c03baDebc04ba3D,Mark,Donovan,Female,lorraineellison@example.org,Race relations officer,6259,194
839,132E21CcB3fC9a9,Terri,Brock,Male,hooperashley@example.net,"Engineer, agricultural",4318,178
840,fcFEBc4ba91Bff1,Jorge,Flynn,Male,bvillanueva@example.com,Water engineer,2658,71
841,dEcBC02d0DF5A2E,Jean,Harding,Male,dodsonmelody@example.com,Phytotherapist,939,194
842,A611B2d0cbD23bB,Laura,Horton,Female,owensdanny@example.org,"Radiographer, therapeutic",9059,474
843,BA364F4E2bF880b,Carlos,Ramos,Male,rita22@example.org,Analytical chemist,982,118
844,f06cFfc4ca098f7,Norman,Fritz,Male,bryanalejandra@example.com,"Secretary, company",8226,300
845,77fd54b78285efa,Dana,Hayes,Female,uhale@example.org,Public relations officer,5745,130
846,aCabfCFCCa9fB2c,Jonathon,Holden,Male,melodyrichardson@example.net,"Designer, jewellery",3163,130
847,4Fc2781bb90980C,David,Garcia,Female,keithjacobson@example.org,"Engineer, petroleum",5742,294
848,d599aCa3193b446,Javier,Camacho,Male,shannonthompson@example.com,"Scientist, biomedical",1982,168
849,Ccba2A606527545,Shelley,Barajas,Female,pateldennis@example.org,Licensed conveyancer,7553,197
850,D2fc9aAf83C9E8d,Jerry,Mooney,Male,courtneybullock@example.net,Mechanical engineer,8464,468
851,fB2Ae2Ca0AEFaa0,Gwendolyn,Lane,Female,dberg@example.org,Chief Technology Officer,154,63
852,F5bEe8FcBf4ccc9,Jon,Soto,Male,hrobbins@example.net,"Scientist, research (physical sciences)",7571,355
853,Da9eec47EAb83AA,Melody,Hebert,Male,cohenbonnie@example.org,"Engineer, water",864,243
854,89F06B3fA6caF36,Gloria,Allison,Female,dtorres@example.net,"Doctor, general practice",8338,258
855,5BAA7F0Bf70A588,Kristi,Orr,Female,ashley82@example.org,Quality manager,171,21
856,Ed6dcecd37Fc4d0,Bethany,Olson,Female,rose29@example.net,Retail banker,8735,261
857,3f66552DA64B9AC,Holly,Cisneros,Female,brandyward@example.com,English as a second language teacher,6080,161
858,F2D75c64c1dBC4e,Stuart,Tapia,Male,destinydean@example.com,"Horticulturist, commercial",606,381
859,f45723A3eab55fb,Kaylee,Meyers,Female,cameron76@example.com,Acupuncturist,3292,471
860,f4c82B1EDBe3a19,Ricardo,Washington,Male,wlester@example.com,Computer games developer,7733,459
861,e4BC290cda6E2b4,Roberto,Frey,Female,stoneherbert@example.com,"Loss adjuster, chartered",7266,411
862,Ecd8EF1bE3A5F3B,Doris,Coleman,Female,gilbert18@example.org,Dramatherapist,5548,325
863,D4eEb4d79D28F5D,Nancy,Reese,Female,tonya44@example.net,"Surveyor, commercial/residential",6051,178
864,Bba2ac9fC7CdfC4,Juan,Pratt,Female,michael11@example.org,"Nurse, children's",7639,216
865,F5D5aDBEBCFd47D,Marvin,Li,Female,max62@example.org,Market researcher,3152,292
866,9637A7c8840FbdD,Angela,Novak,Female,briana22@example.org,Proofreader,1512,92
867,a2CffC07D6ee278,Bradley,Miller,Female,kayla45@example.com,Management consultant,2866,220
868,F6DA88Bf5aEAef9,Jaclyn,Duke,Male,dominicavila@example.org,Barrister,6066,202
869,bB9D1eC2d6CEF3f,Leon,Farrell,Female,rosariojean@example.org,"Development worker, community",3296,171
870,BE9Bab7Ff9B020D,Katrina,Duncan,Male,charlesgerald@example.org,"Scientist, research (physical sciences)",921,436
871,D7A4cDC318400a9,Savannah,Marsh,Female,wesleycontreras@example.com,Social researcher,422,337
872,6dEd664A81d9726,Cristian,Hansen,Female,jcaldwell@example.net,"Civil engineer, contracting",4880,135
873,89D9ED9f397ccdF,Jasmine,Mcdaniel,Female,rita98@example.net,Cytogeneticist,2618,245
874,10378DebBF35f3b,Wendy,Ware,Female,tamisalazar@example.net,Drilling engineer,2609,361
875,8ABEFBfec676eAE,Leroy,Ramsey,Male,aaronhatfield@example.net,Architectural technologist,4650,40
876,aF7fB3051A6f821,Natalie,Owens,Male,suzannebradshaw@example.net,Professor Emeritus,2256,311
877,54B827E53Aaad1B,Craig,Olson,Female,bmoreno@example.org,Art gallery manager,2330,492
878,eE49Ce572F490dB,Patrick,Wallace,Male,mitchelljenna@example.com,"Engineer, drilling",7975,87
879,0c6D5FE391DDDfF,Ivan,Newton,Male,charlesalexis@example.org,Tax adviser,3597,173
880,cC7cc25dDF9Bc7c,Cody,Stafford,Female,cfitzgerald@example.net,Systems analyst,5791,249
881,B7Bfd6CCb6e3550,Sonia,Hendricks,Female,judywagner@example.org,IT technical support officer,9669,155
882,B2fF6d256E04A02,Bill,Glass,Female,gabrielgriffith@example.net,"Pilot, airline",903,147
883,bEB9A8E7cd5fe09,Rebecca,Nolan,Female,rmclaughlin@example.com,Art therapist,885,315
884,9ED6A10458B20F4,Daniel,Braun,Female,pedrocordova@example.org,Database administrator,1593,440
885,Ad4fadaAcC5DA35,April,Mcdaniel,Female,coopercarly@example.org,Photographer,7729,134
886,65c20c729B2dcF8,Curtis,Saunders,Male,daisy37@example.org,Forest/woodland manager,7190,98
887,5E6Db13AF3bddfD,Haley,Pineda,Male,roberta60@example.com,Graphic designer,3391,230
888,CF55FFa5ff58adC,Brad,Lynch,Male,warrensalazar@example.org,"Designer, fashion/clothing",9990,321
889,aEf0fE6aF07daCF,Ashlee,Snow,Male,frose@example.com,Technical brewer,8703,93
890,4835cD2367aaa0c,Malik,Tate,Male,pedro07@example.org,Therapeutic radiographer,858,303
891,C3c29A0dEb9Cfdd,Cristina,Berry,Female,cspencer@example.org,International aid/development worker,2072,16
892,9Eb756Bd5F867Ee,Malik,Bruce,Female,gortega@example.com,Animator,441,264
893,d0a4Fd80e3e6cc7,Tonya,Barrett,Male,cameronsandoval@example.net,Soil scientist,6104,342
894,9ef55AFab0FB5d1,Gabrielle,Knox,Female,chaneyshaun@example.com,"Investment banker, operational",2046,377
895,Dbc452Be6ba20d0,Darlene,Sheppard,Male,hannahclark@example.net,"Designer, textile",4110,460
896,D1F81074fB19eF6,Dominique,Mendez,Female,nbullock@example.org,Forensic psychologist,3840,100
897,013C5edC3dc4dF8,Ronnie,David,Female,cskinner@example.com,Environmental education officer,5599,286
898,510DAC1BE6C39ef,Gabriella,Pena,Male,erikahansen@example.org,Chief Strategy Officer,4306,68
899,85bfcA8E16fAFde,Cindy,Washington,Female,pettylevi@example.org,"Buyer, industrial",761,119
900,15fDd48A41eCcd0,Cristina,Arroyo,Female,patrickgriffin@example.org,Actuary,9003,262
901,EABBd81DFeeD7ab,Tracie,Trevino,Female,dominicochoa@example.com,Fish farm manager,4571,212
902,830EfF83609B48C,Alyssa,Robles,Female,mendezbrenda@example.com,Chief Operating Officer,6137,485
903,8BAf5f1Cfc14dBa,Marco,Shannon,Male,ltate@example.com,"Engineer, chemical",2153,30
904,1ECBd9199A91b6e,Megan,Chavez,Male,manuel74@example.net,Paediatric nurse,8760,409
905,9DDa9FF9FdBfC66,Francisco,Fox,Female,iflynn@example.org,"Editor, film/video",7483,355
906,b83e0c3c1B1dE27,Martha,Lin,Female,caitlynjoseph@example.net,Academic librarian,9523,43
907,c2f4DfEeE02d1Fa,Sarah,Bautista,Female,lindseyallen@example.org,Technical sales engineer,8778,493
908,aC06DadA725b3Fd,Katie,George,Female,sharon37@example.org,Archaeologist,6406,376
909,7c0f808CE9EEfE7,Sylvia,Boyer,Male,andreadouglas@example.org,Ranger/warden,6790,59
910,3b44E9b5915745f,Whitney,Andrews,Female,xstein@example.net,"Journalist, broadcasting",3755,402
911,31FFcD6eB48E856,Michaela,Calhoun,Female,alejandrodiaz@example.net,Toxicologist,3108,45
912,2caCaBe9CbdFFC8,Steven,Mata,Male,dlawson@example.com,Cartographer,7967,479
913,7Bad31BD10CE08C,Cheryl,May,Female,lesliebuck@example.org,Web designer,8290,19
914,89D52456EC4eECE,Yolanda,Wagner,Male,curtis23@example.org,Health physicist,6565,379
915,a1Bec1eAd03bCAf,Christina,Walters,Female,gamblebeth@example.org,Commissioning editor,1743,173
916,2c1aBF56c97b969,Dustin,Dyer,Female,dianasloan@example.com,Clinical molecular geneticist,2210,259
917,ca7B27cbefCEBb0,Angel,Knox,Female,calhounearl@example.com,Conference centre manager,8647,248
918,C150Dc3E15e3b0A,Jill,Jenkins,Female,xfoster@example.org,Multimedia specialist,1303,204
919,aa1A1Ecb1E1661B,Gail,Skinner,Male,gregjenkins@example.com,"Teacher, secondary school",5742,30
920,3dCeDeb6a09408B,Suzanne,Hernandez,Female,conraddave@example.com,"Solicitor, Scotland",8935,186
921,fa1c3AABF9d6d5E,Joanne,Silva,Female,dukestefanie@example.com,Marine scientist,5854,500
922,5Bf923A1cB6ACF3,Cole,Hancock,Male,terryedwards@example.com,Pensions consultant,9600,450
923,FCc1A64eF8C879e,Joshua,Phillips,Male,uhampton@example.com,"Programmer, applications",3279,314
924,bF5721BbCd579Df,Suzanne,Hendrix,Female,lutztimothy@example.com,Physiological scientist,5345,127
925,3faedEDe9A8686a,Tyler,Morse,Female,andrewgordon@example.net,Personnel officer,2059,309
926,AcfA331E0c712AB,Debra,Shields,Male,ashleyerickson@example.com,"Radiographer, therapeutic",370,120
927,fa611Ed5ccC99C8,Marie,Dominguez,Male,pshea@example.org,Research scientist (medical),546,487
928,30c4DEcbA34EA6f,Charles,Griffith,Male,jennyjuarez@example.org,Cabin crew,9585,382
929,9224fea6EB73BF1,Shari,Glenn,Female,chapmanchristie@example.org,Phytotherapist,9766,226
930,467Fc9EA1Aae0AD,Stephen,Callahan,Male,tony86@example.com,Energy engineer,7770,211
931,2BAe5D357b1213b,Geoffrey,Booth,Male,rick35@example.org,Associate Professor,3633,5
932,4DfdDfafc4Da95e,Noah,Owen,Female,omyers@example.org,Advice worker,6493,387
933,2e1ac4F7600ceA5,Mariah,Finley,Male,sergiobishop@example.org,"Conservation officer, nature",5853,478
934,b12d138244da69c,Angelica,Frazier,Female,ycervantes@example.net,"Engineer, maintenance",3737,336
935,C1d1F3BEd92F0Dd,Angel,Davidson,Female,qrosario@example.net,Licensed conveyancer,9621,433
936,3eE4Dc4C8FAb1F5,Evelyn,Holloway,Male,rortega@example.net,Jewellery designer,5064,115
937,3b5A0bFC0bcAaCa,Luis,Neal,Male,barnesdevon@example.net,"Engineer, maintenance",925,314
938,0efa54b5ea1D2EE,Karla,Obrien,Male,jenna05@example.net,Comptroller,749,421
939,0dFeA94c36A0085,Glenn,Schaefer,Female,comptonjavier@example.org,Pensions consultant,4762,327
940,4C04e80C477F6fc,Julian,Andrade,Male,stephanie90@example.org,Fish farm manager,5692,177
941,dD648d068e6BA2A,Willie,Mccall,Female,edrake@example.net,Agricultural engineer,6848,398
942,cdBFEEF00Ac3b0E,Danielle,Sims,Male,shawnahurley@example.com,"Engineer, production",1230,489
943,2bDbaCfeA5dD24b,Sally,Carrillo,Female,reginaldarias@example.com,Call centre manager,8233,111
944,0bec75Ebba75267,Johnny,Elliott,Male,isabelpoole@example.org,"Copywriter, advertising",4032,137
945,D7B72E2A09D9a3e,Janet,Mckinney,Female,tonyahart@example.org,Ranger/warden,7340,423
946,c39CA02fba16018,Brendan,Ellison,Female,garretttravis@example.org,"Designer, ceramics/pottery",5736,451
947,1E5bd39FEa189Ca,Ana,Rivas,Female,tinalynn@example.net,Oceanographer,8036,322
948,a3BeA53B74FAb3b,Emma,Lawson,Male,mathewbrowning@example.net,Ranger/warden,1382,274
949,614f7BFDFD0eb8a,Heather,Holder,Male,gregorygamble@example.com,"Scientist, research (physical sciences)",6426,86
950,22e31df46F6fCD2,Daryl,Knox,Male,darren75@example.org,Academic librarian,6256,296
951,aa4b6Ffcd5EA4a8,Johnny,Clarke,Female,sophia77@example.com,Medical sales representative,7165,222
952,6EE9F6c4e7E2baF,Laurie,Blanchard,Male,mosleyshannon@example.org,Geographical information systems officer,7027,116
953,E76E7b0AccbaFfc,Malik,Stanley,Male,cannonluke@example.net,Nutritional therapist,8169,384
954,41eDA1F2F3aC6eD,Mikayla,Chaney,Male,hcarpenter@example.com,Metallurgist,3304,194
955,Eb26cfD1F836dBb,Tasha,Ramos,Male,owilson@example.com,IT technical support officer,5867,410
956,eA75Ff58254E608,Travis,Krause,Female,beverlyvelasquez@example.org,"Development worker, community",1456,327
957,15AeaeA0add0f2a,Kathy,Yoder,Female,mia15@example.org,Agricultural consultant,4228,210
958,f3cCaCEbcD7ECae,Charles,Hubbard,Male,fkemp@example.net,Trading standards officer,2638,481
959,cFf7Cb8E9d87b29,Beth,Moyer,Female,sonia19@example.org,Gaffer,2518,168
960,e7C83084cdE54Ce,Joan,Kelly,Female,kelsey66@example.net,Office manager,5164,201
961,5De2AdFAd2562e2,Don,Pacheco,Female,alvinestes@example.com,"Optician, dispensing",7542,273
962,32Aa87B007D3a0c,Madeline,Sellers,Female,darryl11@example.org,"Conservator, museum/gallery",8603,38
963,c5e7d7f5b6b60D3,Candice,Barber,Male,angela51@example.net,Pharmacologist,3554,364
964,BeF4EDcC9cb475F,Angel,Marquez,Female,qhowell@example.net,Outdoor activities/education manager,8481,50
965,401D08bA1E0f8bE,Breanna,Mccullough,Female,cschultz@example.org,Product designer,7229,325
966,bdb61a25De7a257,Cassandra,Adkins,Female,alfred15@example.org,"Therapist, sports",2964,70
967,584e53eea9f8111,Sherry,Holloway,Male,mclark@example.net,Environmental manager,4325,288
968,6ae7dbDbeF0d829,Caitlyn,Hubbard,Female,brian39@example.net,Location manager,2953,369
969,dd2Ca5BbccCFEC5,Noah,Lloyd,Male,nvaughn@example.com,Travel agency manager,3681,46
970,38128d28998a9b8,Vernon,Daugherty,Male,sergio60@example.com,Financial adviser,8294,420
971,f717C76C8B424FA,Jean,Conway,Male,emmaalvarado@example.com,Printmaker,9528,469
972,Abb1C0C64234175,Phyllis,Ray,Female,bhowell@example.net,"Embryologist, clinical",4659,13
973,CFd08cE1deAC2C1,Wesley,Berger,Female,robin88@example.com,Systems developer,9287,400
974,5cAC295A6a4ACB0,Damon,Petersen,Male,tabitha49@example.com,Health visitor,5748,207
975,F1Ba9b3cA24bea5,Tyrone,Ponce,Male,vincentmosley@example.net,Research scientist (life sciences),2937,68
976,18fa6d7EE8ef71f,Victor,Ayers,Male,hkrueger@example.com,"Nurse, adult",7077,476
977,220243491cdFd7A,Dennis,Hampton,Female,dorothy10@example.com,Consulting civil engineer,3310,10
978,66ce83ECBC9E077,Darius,Kerr,Male,leonardsheena@example.com,Mental health nurse,853,381
979,A40e0a3df2cF0E7,Duane,English,Female,noah95@example.net,Health visitor,424,478
980,Fa4D7Cece0D9Aa0,Jon,Kaufman,Female,mathew63@example.org,Warehouse manager,845,341
981,B8b858f588605dF,Roger,Hernandez,Female,kellie94@example.com,Drilling engineer,359,436
982,323ae5fE1Cc2fdB,James,Atkins,Female,lmckenzie@example.org,Arts development officer,2003,459
983,af0D77BeEF7A6c8,Damon,Colon,Male,alexisvasquez@example.com,"Scientist, research (maths)",251,410
984,7b5CfB8DdF8c5c5,Dorothy,Harvey,Female,kent52@example.org,Airline pilot,9789,356
985,eB90cc8dCA28Ee3,Derrick,Stanton,Female,beasleybenjamin@example.org,"Teacher, secondary school",9018,15
986,bA8b297CbcAcdB6,Susan,Clark,Female,fgallagher@example.com,Orthoptist,9662,354
987,9871eF832fab828,Lonnie,Reynolds,Male,richmondgarrett@example.org,Architectural technologist,6310,21
988,ceeDdd8a6A9684d,Joshua,Walker,Female,uperry@example.com,"Psychologist, prison and probation services",7000,127
989,00ED5d507b542D1,Gavin,Banks,Female,dalton42@example.com,Dentist,4512,40
990,1Dba7B14a3E44EE,Omar,Kent,Male,adam69@example.com,Horticultural consultant,394,445
991,CBfaec1d322EBEe,Lydia,Obrien,Male,wlove@example.net,Systems analyst,9597,397
992,E6e70ad4a3d0A2c,Brittney,Trevino,Female,melendezcharlene@example.org,Illustrator,2840,250
993,54cC44b9D7fEDCF,Greg,Chapman,Female,nfisher@example.com,Petroleum engineer,8990,226
994,0142106d1f4CcEF,Eugene,Love,Female,qbranch@example.com,Hospital doctor,7829,42
995,E54d5DDEeE6569E,Beverly,Ball,Male,charlenehuerta@example.com,Publishing rights manager,4949,432
996,fedF4c7Fd9e7cFa,Kurt,Bryant,Female,lyonsdaisy@example.net,Personnel officer,7603,249
997,ECddaFEDdEc4FAB,Donna,Barry,Female,dariusbryan@example.com,Education administrator,9248,162
998,2adde51d8B8979E,Cathy,Mckinney,Female,georgechan@example.org,Commercial/residential surveyor,9396,220
999,Fb2FE369D1E171A,Jermaine,Phelps,Male,wanda04@example.net,Ambulance person,9798,389
1000,8b756f6231DDC6e,Lee,Tran,Female,deannablack@example.org,"Nurse, learning disability",9322,343
